frame,body_part,x,y,z,left_contact,right_contact
0,lhand,0.03895585447006958,0.14365931050996766,0.04141320220575441,1,1
1,lhand,0.020425564599407392,0.1416533907913424,0.03812508400942215,1,1
2,lhand,0.02891862124182397,0.13933007526023167,0.045539392087269384,1,1
3,lhand,0.057232658015050515,0.1396464184895076,0.06401008369646433,1,1
4,lhand,0.0978663268686484,0.13413748148447796,0.09298123560979879,1,1
5,lhand,0.1394127006218569,0.12030234647616653,0.13663808417182377,1,1
6,lhand,0.18212892526487617,0.09470938369938416,0.18483842097007147,1,1
7,lhand,0.22196530859303404,0.06279814884268406,0.2227943947079043,1,1
8,lhand,0.24207012036786069,0.03966350170032228,0.23991807210933042,1,1
9,lhand,0.24788831167668693,0.029581103946880925,0.2397818658539296,1,1
10,lhand,0.24657154358766586,0.03065011236992539,0.2276935967880862,1,1
11,lhand,0.23616253278375357,0.03518142885950436,0.20506714768688597,1,1
12,lhand,0.21786727288614288,0.0430930331167861,0.1767900557461035,1,1
13,lhand,0.19704634068657054,0.056580685851958745,0.14765025934421172,1,1
14,lhand,0.17563423648752316,0.06674372316480223,0.12104945424278594,1,1
15,lhand,0.15558574030817363,0.07417997422629531,0.0985026240409142,1,1
16,lhand,0.13781283809881428,0.0775535810960224,0.08090747245881777,1,1
17,lhand,0.12357007969628292,0.07839504296268358,0.06707807378625534,1,1
18,lhand,0.1129359887113791,0.07849172695140087,0.05608084013833206,1,1
19,lhand,0.1051967064135986,0.0792299969884133,0.04763107295230834,1,1
20,lhand,0.09907923333392943,0.0820890424889558,0.04042828871717572,1,1
21,lhand,0.09421902337515037,0.08660606377966178,0.033410996343223524,1,1
22,lhand,0.08874157283664798,0.09174661719462208,0.02429934674583796,1,1
23,lhand,0.08141078458180274,0.09847491161610478,0.015884966104231048,1,1
24,lhand,0.07338658670963565,0.10336996991986595,0.006465340266666595,1,1
25,lhand,0.06378158975583516,0.10794614108581699,-0.0027385343747770505,1,1
26,lhand,0.05508647819666686,0.11216272255424403,-0.009770008754756233,1,1
27,lhand,0.04989627576956073,0.11473664746419951,-0.016181189427355407,1,1
28,lhand,0.04922782113787631,0.11787341569352154,-0.021442054755886765,1,1
29,lhand,0.053944156118190825,0.11922503204706522,-0.02503604072836345,1,1
30,lhand,0.059837427183846624,0.1202577494712195,-0.02875181363797815,1,1
31,lhand,0.06771273772964101,0.12133231510779756,-0.032667154730444264,1,1
32,lhand,0.07359009364466881,0.12145106530931345,-0.03887163740256469,1,1
33,lhand,0.07813069111647779,0.12152181718312213,-0.04445104564876243,1,1
34,lhand,0.08316831472549233,0.12097126939944197,-0.047437329283552945,1,1
35,lhand,0.08636952699153268,0.11980886037000937,-0.04721517392857459,1,1
36,lhand,0.08992323374818169,0.11807542652940482,-0.044150909381234685,1,1
37,lhand,0.093589799947703,0.11450168597213958,-0.03874701512789982,1,1
38,lhand,0.09540280335662638,0.11011611639551486,-0.033840715117369684,1,1
39,lhand,0.09563373977161296,0.10560476546612674,-0.028706185793021012,1,1
40,lhand,0.09405733957735568,0.10218154487985931,-0.02695081426970023,1,1
41,lhand,0.08979569815952788,0.10053119569630922,-0.0264742322213761,1,1
42,lhand,0.0857205732602371,0.0996278594517962,-0.02669558781619634,1,1
43,lhand,0.07936747663832759,0.10140953516208909,-0.02942318162852231,1,1
44,lhand,0.07294460152026148,0.10354864787081997,-0.03262851548598428,1,1
45,lhand,0.06439474039735683,0.10776410542005402,-0.03385362228762678,1,1
46,lhand,0.05730225627276711,0.11172869263659824,-0.0336618050870652,1,1
47,lhand,0.04772711624439166,0.11431441429782283,-0.03358845419266635,1,1
48,lhand,0.03401566342366218,0.11326748444643123,-0.028796284685401928,1,1
49,lhand,0.019224632597554886,0.11230055199563503,-0.02415454695945069,1,1
50,lhand,0.00399063700833148,0.11369467792543428,-0.017586371271386854,1,1
51,lhand,-0.015401168700366633,0.11494906901185786,-0.010860458502993657,1,1
52,lhand,-0.028322003117554465,0.11318911569773714,-0.007121423629392727,1,1
53,lhand,-0.03579417247521309,0.11296426859210819,-0.003472296185557937,1,1
54,lhand,-0.03589285974145251,0.1093235268272062,-0.003508893566272271,1,1
55,lhand,-0.02780130237537773,0.10870546311680744,-0.009451001152315681,1,1
56,lhand,-0.008666427000091473,0.10607541447146761,-0.012726165638516043,1,0
57,lhand,0.017189174666070797,0.10345152288402584,-0.016238329825538793,1,0
58,lhand,0.04710011339483593,0.09679354361191161,-0.013058339530177944,1,0
59,lhand,0.0701001795928889,0.08977156045173726,-0.006267980158775912,1,0
60,lhand,0.08631078652232099,0.08687434659500953,0.004007725347461306,1,0
61,lhand,0.09651959887460898,0.08521903178218623,0.017794947119759118,1,0
62,lhand,0.10435750571001937,0.08310747225919773,0.025026621359454104,1,0
63,lhand,0.11065984068470353,0.085418340792586,0.031215212744840085,1,0
64,lhand,0.1119469874202865,0.08573848502713549,0.03285647863958539,1,0
65,lhand,0.11568128557925109,0.08458983301288492,0.03288596575875537,1,0
66,lhand,0.11215673352322832,0.08426236605875484,0.032699159072729043,1,0
67,lhand,0.11426601823215668,0.08064646221232866,0.03461780250241325,1,0
68,lhand,0.11737461280332943,0.07909830367337595,0.036173127329366256,1,0
69,lhand,0.11840592894242487,0.07838489311906921,0.03782475109234794,1,0
70,lhand,0.12163832687131584,0.07667810646740326,0.04745993763767398,1,0
71,lhand,0.12443741650405109,0.07244759443886822,0.057256137752302746,1,0
72,lhand,0.13267650208811005,0.06786235003474081,0.0707912578025848,1,0
73,lhand,0.14189829982623522,0.0645996775104892,0.08495812446634278,1,0
74,lhand,0.15072344325523426,0.06195737213474595,0.10156126659505285,1,0
75,lhand,0.16151415773005803,0.05833401834941568,0.115672577684051,1,0
76,lhand,0.16777882000898894,0.05496765394726724,0.1308301149352008,1,1
77,lhand,0.17394085464328043,0.05280276728897672,0.1405767497797597,1,1
78,lhand,0.17655167466812824,0.05367562604898732,0.14262406095130942,1,1
79,lhand,0.1773989778305693,0.052846020767248786,0.1404251235318792,1,1
80,lhand,0.17546560637233738,0.05109601961845689,0.13154137163729177,1,1
81,lhand,0.17127794600202534,0.05156675385505605,0.11837944169683662,1,1
82,lhand,0.16635569066251538,0.05401124490180033,0.10458226427773183,1,1
83,lhand,0.15917235505355132,0.0561824946472507,0.08673628221118879,1,1
84,lhand,0.14841544979414148,0.059220345297629,0.07222026338029083,1,1
85,lhand,0.13787417182778838,0.06208072829339159,0.05972845250271259,1,1
86,lhand,0.1250863581023153,0.06314861504683372,0.05009282388889886,1,1
87,lhand,0.11386724183993294,0.06433684010138123,0.04279124233632576,1,1
88,lhand,0.10293087392230071,0.06508495690891278,0.03904463843210089,1,1
89,lhand,0.09445011683597249,0.06647824844043,0.035884754659460755,1,1
90,lhand,0.09334799876549026,0.06783128082846214,0.028619321971843144,1,1
91,lhand,0.08933032359915759,0.06524095759388342,0.023065287002251158,1,1
92,lhand,0.08967153002376964,0.06798121608017653,0.011716734998498266,1,1
0,lforearm,-0.06826199220571758,0.13676761099466664,0.004205577672056024,1,1
1,lforearm,-0.0876395217838845,0.127922754028599,0.005552319091178176,1,1
2,lforearm,-0.07731370024996813,0.13466246531861703,0.005284378469962603,1,1
3,lforearm,-0.04155579350483762,0.15342544599799718,0.009433977225397266,1,1
4,lforearm,0.012562747312213074,0.16818234543490027,0.025960251456861885,1,1
5,lforearm,0.07040789459887635,0.16909843116546708,0.06057987647216968,1,1
6,lforearm,0.1189706683213272,0.14931897120655274,0.10766083187553781,1,1
7,lforearm,0.15010938701694018,0.11522840859810754,0.15197527453788,1,1
8,lforearm,0.16153868048725098,0.08976701456553642,0.177213420875951,1,1
9,lforearm,0.1650800662342437,0.0820652451749308,0.1821992934526427,1,1
10,lforearm,0.16452094712449225,0.0883555765117168,0.17416475348540916,1,1
11,lforearm,0.1614874515830889,0.10316366894585852,0.15282148708627727,1,1
12,lforearm,0.1527658726652612,0.11932656364888578,0.12314474721406166,1,1
13,lforearm,0.13521077658122999,0.135138711278028,0.0934970798049771,1,1
14,lforearm,0.11414274208218661,0.14545074378703596,0.06672127795200924,1,1
15,lforearm,0.09109829608175493,0.1516821938436382,0.04594474097520945,1,1
16,lforearm,0.0694769598759442,0.15446525800710842,0.032509457825810356,1,1
17,lforearm,0.05143606545632547,0.15519069621229495,0.024338378031137267,1,1
18,lforearm,0.037327718311730235,0.155050332970876,0.019342174290676098,1,1
19,lforearm,0.026177765630439775,0.15508037566555471,0.017130606522589534,1,1
20,lforearm,0.016157158482757977,0.15647122831140864,0.017651646301715285,1,1
21,lforearm,0.007267607559609588,0.1586452835836325,0.020093037042247006,1,1
22,lforearm,-0.0017723176096837868,0.1605421743844893,0.022895568456293883,1,1
23,lforearm,-0.011938895615178084,0.16240666642950363,0.02711589892920789,1,1
24,lforearm,-0.020882695982017082,0.16206271872386085,0.030879017511304216,1,1
25,lforearm,-0.03019100007375046,0.16056771182798552,0.03369872402441544,1,1
26,lforearm,-0.03747965676262516,0.1584704702822733,0.037290150278030246,1,1
27,lforearm,-0.0412816784367377,0.15628920832670878,0.037554606555406184,1,1
28,lforearm,-0.0408660091712329,0.1551365996578289,0.03705691367785434,1,1
29,lforearm,-0.03630149202490372,0.15465966639488565,0.034358291519556466,1,1
30,lforearm,-0.03036852060924746,0.1543788789896227,0.03146614462535177,1,1
31,lforearm,-0.022646332221052404,0.15357831978733136,0.028349158278274833,1,1
32,lforearm,-0.014764883073147033,0.15210685833940624,0.02579053184130982,1,1
33,lforearm,-0.007802020783137357,0.1505540262213069,0.02410735561733407,1,1
34,lforearm,-0.0015723676712855218,0.148870907749536,0.023048101428561896,1,1
35,lforearm,0.0014706410097427135,0.1483068945414528,0.02283896044185145,1,1
36,lforearm,0.0031321682169343674,0.1480768397230295,0.022892356966774344,1,1
37,lforearm,0.00407912457438087,0.14764116251727671,0.02303624016583848,1,1
38,lforearm,0.004136698612749919,0.14689903753579198,0.023124803520871012,1,1
39,lforearm,0.0026536315186302976,0.14598245343666905,0.022790358278626188,1,1
40,lforearm,0.0006148350165134132,0.1449571978479398,0.02169398926043531,1,1
41,lforearm,-0.0027428829634188415,0.14494343173564853,0.022431001257017094,1,1
42,lforearm,-0.005576142328454915,0.14531459968582439,0.023356309159335467,1,1
43,lforearm,-0.009399815795252819,0.14669465241664648,0.025323410808255162,1,1
44,lforearm,-0.013714645805748158,0.14792910800544895,0.026092187962133126,1,1
45,lforearm,-0.021162829009492134,0.14923011557941804,0.028500437627678746,1,1
46,lforearm,-0.03012988431475051,0.14884350639313948,0.02883366524672247,1,1
47,lforearm,-0.041805950017637095,0.1473605569776868,0.028212300776226162,1,1
48,lforearm,-0.05910230911797713,0.14113646439824462,0.03019452244444347,1,1
49,lforearm,-0.07838909888078978,0.13468542179225107,0.029678964600724764,1,1
50,lforearm,-0.09592693757342811,0.1280499311505117,0.03473928784421251,1,1
51,lforearm,-0.11630091255015615,0.11846861814871226,0.04143150558591127,1,1
52,lforearm,-0.130602984914434,0.10710448510030357,0.04216488973155111,1,1
53,lforearm,-0.13818782881095432,0.09859914292800986,0.04382198893593764,1,1
54,lforearm,-0.14009333036345709,0.09542169164594502,0.039810519688441875,1,1
55,lforearm,-0.13328045850032327,0.09847016822967908,0.03174285373296919,1,1
56,lforearm,-0.11766699873539632,0.108143893397743,0.019556278581983277,1,0
57,lforearm,-0.0942998970709571,0.11726512345997606,0.0012810188765133707,1,0
58,lforearm,-0.06397657469290584,0.12098539073524275,-0.015131072793241107,1,0
59,lforearm,-0.03586358710146681,0.12627211930632062,-0.025424037609101766,1,0
60,lforearm,-0.013351806379610169,0.1314204320518812,-0.027781847587405983,1,0
61,lforearm,0.003998979374763086,0.13845011226983156,-0.021370684545789595,1,0
62,lforearm,0.017439350146635037,0.1433824199537655,-0.016683310902428153,1,0
63,lforearm,0.02643719214994402,0.14892328967007126,-0.011225684209042477,1,0
64,lforearm,0.027831619502776718,0.14888812120679834,-0.010320872034839626,1,0
65,lforearm,0.030552091372663785,0.14677670853162791,-0.009697863324492309,1,0
66,lforearm,0.028284336638934912,0.14605828416091218,-0.012844669411990486,1,0
67,lforearm,0.03169067607503445,0.1437949231420685,-0.011438136041244482,1,0
68,lforearm,0.036480842692120014,0.14395992573655464,-0.010482310955366225,1,0
69,lforearm,0.04053454837888927,0.14576356764308318,-0.010380332339425188,1,0
70,lforearm,0.047221583266444725,0.14771011670729656,-0.0009566092600153675,1,0
71,lforearm,0.05716836630378069,0.1477007151811464,0.004916783238756606,1,0
72,lforearm,0.07259134027272829,0.1470266753473931,0.015561359120011137,1,0
73,lforearm,0.0879934037216031,0.14517355206534222,0.025546999051892894,1,0
74,lforearm,0.10249181140323496,0.14410397904394223,0.03948720148221464,1,0
75,lforearm,0.1167212120458606,0.1399716095715809,0.05043101702148389,1,0
76,lforearm,0.12741894420780003,0.13620952221630925,0.06228519167978207,1,1
77,lforearm,0.13387037564394294,0.13087671882045615,0.06828298307049853,1,1
78,lforearm,0.134930327718362,0.12976678829995084,0.06910292572129471,1,1
79,lforearm,0.1339316325393031,0.1283291134633926,0.06734675182199285,1,1
80,lforearm,0.13025516843803242,0.1272706619773911,0.06026024917383295,1,1
81,lforearm,0.1216782417194146,0.12875920680410735,0.051232264234247316,1,1
82,lforearm,0.11119820911392612,0.13137524697617448,0.042132010495895406,1,1
83,lforearm,0.09786963431792949,0.1337570702584086,0.03059601999287556,1,1
84,lforearm,0.08245338620189453,0.1370002092175932,0.021952446499828374,1,1
85,lforearm,0.06769577345972227,0.13965953955961885,0.015185420657635104,1,1
86,lforearm,0.05273218490568176,0.1410494244119097,0.009795148020051533,1,1
87,lforearm,0.03874776671462242,0.14127902595700045,0.005851710652117148,1,1
88,lforearm,0.027040353327268687,0.14202933022392628,0.003721109358794064,1,1
89,lforearm,0.0163298821962533,0.14193519012744876,0.0022539115561941853,1,1
90,lforearm,0.01148848571176446,0.14123325386830604,-0.0003414991252088523,1,1
91,lforearm,0.005427016962553767,0.13800508921308333,-0.001290130454295435,1,1
92,lforearm,0.0014393906996410539,0.13830802881279775,-0.002311863284827395,1,1
0,lshoulder,0.0,0.0,0.1,1,1
1,lshoulder,0.0,0.0,0.1,1,1
2,lshoulder,0.0,0.0,0.1,1,1
3,lshoulder,0.0,0.0,0.1,1,1
4,lshoulder,0.0,0.0,0.1,1,1
5,lshoulder,0.0,0.0,0.1,1,1
6,lshoulder,0.0,0.0,0.1,1,1
7,lshoulder,0.0,0.0,0.1,1,1
8,lshoulder,0.0,0.0,0.1,1,1
9,lshoulder,0.0,0.0,0.1,1,1
10,lshoulder,0.0,0.0,0.1,1,1
11,lshoulder,0.0,0.0,0.1,1,1
12,lshoulder,0.0,0.0,0.1,1,1
13,lshoulder,0.0,0.0,0.1,1,1
14,lshoulder,0.0,0.0,0.1,1,1
15,lshoulder,0.0,0.0,0.1,1,1
16,lshoulder,0.0,0.0,0.1,1,1
17,lshoulder,0.0,0.0,0.1,1,1
18,lshoulder,0.0,0.0,0.1,1,1
19,lshoulder,0.0,0.0,0.1,1,1
20,lshoulder,0.0,0.0,0.1,1,1
21,lshoulder,0.0,0.0,0.1,1,1
22,lshoulder,0.0,0.0,0.1,1,1
23,lshoulder,0.0,0.0,0.1,1,1
24,lshoulder,0.0,0.0,0.1,1,1
25,lshoulder,0.0,0.0,0.1,1,1
26,lshoulder,0.0,0.0,0.1,1,1
27,lshoulder,0.0,0.0,0.1,1,1
28,lshoulder,0.0,0.0,0.1,1,1
29,lshoulder,0.0,0.0,0.1,1,1
30,lshoulder,0.0,0.0,0.1,1,1
31,lshoulder,0.0,0.0,0.1,1,1
32,lshoulder,0.0,0.0,0.1,1,1
33,lshoulder,0.0,0.0,0.1,1,1
34,lshoulder,0.0,0.0,0.1,1,1
35,lshoulder,0.0,0.0,0.1,1,1
36,lshoulder,0.0,0.0,0.1,1,1
37,lshoulder,0.0,0.0,0.1,1,1
38,lshoulder,0.0,0.0,0.1,1,1
39,lshoulder,0.0,0.0,0.1,1,1
40,lshoulder,0.0,0.0,0.1,1,1
41,lshoulder,0.0,0.0,0.1,1,1
42,lshoulder,0.0,0.0,0.1,1,1
43,lshoulder,0.0,0.0,0.1,1,1
44,lshoulder,0.0,0.0,0.1,1,1
45,lshoulder,0.0,0.0,0.1,1,1
46,lshoulder,0.0,0.0,0.1,1,1
47,lshoulder,0.0,0.0,0.1,1,1
48,lshoulder,0.0,0.0,0.1,1,1
49,lshoulder,0.0,0.0,0.1,1,1
50,lshoulder,0.0,0.0,0.1,1,1
51,lshoulder,0.0,0.0,0.1,1,1
52,lshoulder,0.0,0.0,0.1,1,1
53,lshoulder,0.0,0.0,0.1,1,1
54,lshoulder,0.0,0.0,0.1,1,1
55,lshoulder,0.0,0.0,0.1,1,1
56,lshoulder,0.0,0.0,0.1,1,0
57,lshoulder,0.0,0.0,0.1,1,0
58,lshoulder,0.0,0.0,0.1,1,0
59,lshoulder,0.0,0.0,0.1,1,0
60,lshoulder,0.0,0.0,0.1,1,0
61,lshoulder,0.0,0.0,0.1,1,0
62,lshoulder,0.0,0.0,0.1,1,0
63,lshoulder,0.0,0.0,0.1,1,0
64,lshoulder,0.0,0.0,0.1,1,0
65,lshoulder,0.0,0.0,0.1,1,0
66,lshoulder,0.0,0.0,0.1,1,0
67,lshoulder,0.0,0.0,0.1,1,0
68,lshoulder,0.0,0.0,0.1,1,0
69,lshoulder,0.0,0.0,0.1,1,0
70,lshoulder,0.0,0.0,0.1,1,0
71,lshoulder,0.0,0.0,0.1,1,0
72,lshoulder,0.0,0.0,0.1,1,0
73,lshoulder,0.0,0.0,0.1,1,0
74,lshoulder,0.0,0.0,0.1,1,0
75,lshoulder,0.0,0.0,0.1,1,0
76,lshoulder,0.0,0.0,0.1,1,1
77,lshoulder,0.0,0.0,0.1,1,1
78,lshoulder,0.0,0.0,0.1,1,1
79,lshoulder,0.0,0.0,0.1,1,1
80,lshoulder,0.0,0.0,0.1,1,1
81,lshoulder,0.0,0.0,0.1,1,1
82,lshoulder,0.0,0.0,0.1,1,1
83,lshoulder,0.0,0.0,0.1,1,1
84,lshoulder,0.0,0.0,0.1,1,1
85,lshoulder,0.0,0.0,0.1,1,1
86,lshoulder,0.0,0.0,0.1,1,1
87,lshoulder,0.0,0.0,0.1,1,1
88,lshoulder,0.0,0.0,0.1,1,1
89,lshoulder,0.0,0.0,0.1,1,1
90,lshoulder,0.0,0.0,0.1,1,1
91,lshoulder,0.0,0.0,0.1,1,1
92,lshoulder,0.0,0.0,0.1,1,1
0,larm,-0.04605415947522657,0.08585813043027204,0.11057888599152262,1,1
1,larm,-0.051195494672085375,0.08288716103786871,0.11064217888634627,1,1
2,larm,-0.04720373789634368,0.08525180086671347,0.1104138637121069,1,1
3,larm,-0.03639441484234527,0.09028376030315682,0.11134931329747959,1,1
4,larm,-0.019646775369886668,0.09479089341883716,0.11527141151368835,1,1
5,larm,0.0017106966088952706,0.09474090021635252,0.12501512229535391,1,1
6,larm,0.022097040967243475,0.08651439257093706,0.14039177946556897,1,1
7,larm,0.03860242142848048,0.07101763652654033,0.1554153544332428,1,1
8,larm,0.04662964587763423,0.057843264422394416,0.16390884866600652,1,1
9,larm,0.04991305573467894,0.052485238967562936,0.1660189755790643,1,1
10,larm,0.04980259629562845,0.054512051454651954,0.1644411394864584,1,1
11,larm,0.04918573307261049,0.061266271790879095,0.15858096918047682,1,1
12,larm,0.047175577408177405,0.06938141061657133,0.15064765344212944,1,1
13,larm,0.04210747766816437,0.0775454741224577,0.14264013224088534,1,1
14,larm,0.036764259961954225,0.08393453264954057,0.13475483180205935,1,1
15,larm,0.030346821179709164,0.08882962271656221,0.12815818440190363,1,1
16,larm,0.024424085483442146,0.09173294176508494,0.12435248691180734,1,1
17,larm,0.01954228753058726,0.09344153164208832,0.12216512326694365,1,1
18,larm,0.016010404561057137,0.0944448058693039,0.12069689785809362,1,1
19,larm,0.013213786178137517,0.0949861071365883,0.12018812968437698,1,1
20,larm,0.010923753455319922,0.09517076446036322,0.12068125651052225,1,1
21,larm,0.009902549272506547,0.09503029545911186,0.12181046480456968,1,1
22,larm,0.008962128406122798,0.09489744252099482,0.12277440831768865,1,1
23,larm,0.006682765749865514,0.09467819841896616,0.12441092977637631,1,1
24,larm,0.005038120490501258,0.09423927825908929,0.12642138856770033,1,1
25,larm,0.002321679170229426,0.093883195100328,0.12801910978435047,1,1
26,larm,0.0005515090653360602,0.09313847295472086,0.1304866839271787,1,1
27,larm,-3.6253976153783e-05,0.09303184807084049,0.13081539472769008,1,1
28,larm,-0.00024371402029800613,0.09288257323340796,0.13126159751112126,1,1
29,larm,0.0004896408668997131,0.09310897113006228,0.13057774324521043,1,1
30,larm,0.0011209026172362775,0.09333476277293476,0.12986466754701514,1,1
31,larm,0.00262541231492918,0.09353674379852564,0.12912903920813554,1,1
32,larm,0.0049320563913690775,0.09358117462256194,0.12868380643075528,1,1
33,larm,0.0075474352062088745,0.09345363398320822,0.12853042422395083,1,1
34,larm,0.00968808699718212,0.0931884661572055,0.12875013059448814,1,1
35,larm,0.01062193001003295,0.09302365606661343,0.12895322561140313,1,1
36,larm,0.010864370897389102,0.09292265418655958,0.12918663331740993,1,1
37,larm,0.010295462348514353,0.09285095709868521,0.1296178010070516,1,1
38,larm,0.01014483859641724,0.09273288159650042,0.13003672237030015,1,1
39,larm,0.009367681873481882,0.09278007087524406,0.13014330178514688,1,1
40,larm,0.009206660869026283,0.09299626097384672,0.129520194148176,1,1
41,larm,0.008934665109805635,0.09289372072482147,0.1299238379161223,1,1
42,larm,0.009436127925451147,0.09275897324363618,0.13018695205743908,1,1
43,larm,0.009634191035976914,0.09256429757611641,0.13071730286578906,1,1
44,larm,0.010361028695019899,0.09275294101850691,0.12990067902165617,1,1
45,larm,0.009848653311301341,0.09284484909183321,0.12978827957050382,1,1
46,larm,0.0073062977644836715,0.09348136251555494,0.12850217279771728,1,1
47,larm,0.002535171439502916,0.09436722054157347,0.126323539207312,1,1
48,larm,-0.006216950656591949,0.09399074452122567,0.12704825497811856,1,1
49,larm,-0.018024409937004878,0.09311179778832009,0.12469465654627548,1,1
50,larm,-0.02657786266879214,0.09086321766783552,0.1253378918088033,1,1
51,larm,-0.037894317011296225,0.08642685710301223,0.12643739366754078,1,1
52,larm,-0.04579025720399343,0.08335203643778043,0.12366863264589652,1,1
53,larm,-0.05004455217995914,0.08097008806346424,0.12332185548268643,1,1
54,larm,-0.05127324671960582,0.08127062321946481,0.1192523163467352,1,1
55,larm,-0.04836259200032288,0.0838605696881566,0.11526377271603722,1,1
56,larm,-0.040832586590341786,0.08856892601220052,0.10963143258126956,1,0
57,larm,-0.03000143840019729,0.09329714472577184,0.09972633704287931,1,0
58,larm,-0.014103584853737975,0.09658728399979492,0.09125345543869803,1,0
59,larm,-0.0019825711173595516,0.09696289610850359,0.08590108330038217,1,0
60,larm,0.004494189597438145,0.09685527848405547,0.08573909228987563,1,0
61,larm,0.00978044976084481,0.09710967772725833,0.09113608470653461,1,0
62,larm,0.011781996621575823,0.09709972000889167,0.09388859812682568,1,0
63,larm,0.011878603161711365,0.09720082040518507,0.09607329425504929,1,0
64,larm,0.009328396628418919,0.0974958765426323,0.09652810584218253,1,0
65,larm,0.01011525341186365,0.09745376463931152,0.09777225985326604,1,0
66,larm,0.009035454801035844,0.0974659276058096,0.09517615990868862,1,0
67,larm,0.013645075118535532,0.09701809551533974,0.09758723119904975,1,0
68,larm,0.01759478819450691,0.09639069863286238,0.09805671412770342,1,0
69,larm,0.020876167101382466,0.09570297949909236,0.09689379812338592,1,0
70,larm,0.02231304918971158,0.09534054583196636,0.10410167058638854,1,0
71,larm,0.02465355253986701,0.0945558791403085,0.10747729164365047,1,0
72,larm,0.029467935072181754,0.09250514236335379,0.11337759594998957,1,0
73,larm,0.03525844681863038,0.08966197126816144,0.1179468094529299,1,0
74,larm,0.038844559188945714,0.08683438847333456,0.1235671457628172,1,0
75,larm,0.042839347233596586,0.08401560393651657,0.1266585550471545,1,0
76,larm,0.045556273556893886,0.08118465643320048,0.1306300023212047,1,1
77,larm,0.04703074337969682,0.07934584324385877,0.13311891659715352,1,1
78,larm,0.04703607841297698,0.07925864879368623,0.13331946534818484,1,1
79,larm,0.047087731235189396,0.07899641372035313,0.13386485125032435,1,1
80,larm,0.04743141650411213,0.07930354188623116,0.13264543239353974,1,1
81,larm,0.045494981299550284,0.08115637469427785,0.1307955096036459,1,1
82,larm,0.04406052422634851,0.0826514874583523,0.128842887423109,1,1
83,larm,0.041470062441942165,0.08527168599075768,0.12476874075841582,1,1
84,larm,0.03695904930205808,0.08814193389548126,0.12166884392113284,1,1
85,larm,0.032466041899494515,0.09052817909347621,0.1188445500530724,1,1
86,larm,0.0268671669734842,0.09277954798135724,0.11657182587572622,1,1
87,larm,0.021312487948169718,0.09447907436432218,0.11496634461066856,1,1
88,larm,0.01642426370522737,0.09561546676568436,0.11387229903596761,1,1
89,larm,0.013150432657935673,0.09622047772726743,0.11316055709609234,1,1
90,larm,0.011303056133925512,0.09671418049450545,0.11109565671515947,1,1
91,larm,0.010148930809444632,0.09681603112985386,0.11132166812502788,1,1
92,larm,0.009365711548690914,0.09703109965896013,0.11008757792672286,1,1
0,lhip,0.0,0.05,-0.085,1,1
1,lhip,0.0,0.05,-0.085,1,1
2,lhip,0.0,0.05,-0.085,1,1
3,lhip,0.0,0.05,-0.085,1,1
4,lhip,0.0,0.05,-0.085,1,1
5,lhip,0.0,0.05,-0.085,1,1
6,lhip,0.0,0.05,-0.085,1,1
7,lhip,0.0,0.05,-0.085,1,1
8,lhip,0.0,0.05,-0.085,1,1
9,lhip,0.0,0.05,-0.085,1,1
10,lhip,0.0,0.05,-0.085,1,1
11,lhip,0.0,0.05,-0.085,1,1
12,lhip,0.0,0.05,-0.085,1,1
13,lhip,0.0,0.05,-0.085,1,1
14,lhip,0.0,0.05,-0.085,1,1
15,lhip,0.0,0.05,-0.085,1,1
16,lhip,0.0,0.05,-0.085,1,1
17,lhip,0.0,0.05,-0.085,1,1
18,lhip,0.0,0.05,-0.085,1,1
19,lhip,0.0,0.05,-0.085,1,1
20,lhip,0.0,0.05,-0.085,1,1
21,lhip,0.0,0.05,-0.085,1,1
22,lhip,0.0,0.05,-0.085,1,1
23,lhip,0.0,0.05,-0.085,1,1
24,lhip,0.0,0.05,-0.085,1,1
25,lhip,0.0,0.05,-0.085,1,1
26,lhip,0.0,0.05,-0.085,1,1
27,lhip,0.0,0.05,-0.085,1,1
28,lhip,0.0,0.05,-0.085,1,1
29,lhip,0.0,0.05,-0.085,1,1
30,lhip,0.0,0.05,-0.085,1,1
31,lhip,0.0,0.05,-0.085,1,1
32,lhip,0.0,0.05,-0.085,1,1
33,lhip,0.0,0.05,-0.085,1,1
34,lhip,0.0,0.05,-0.085,1,1
35,lhip,0.0,0.05,-0.085,1,1
36,lhip,0.0,0.05,-0.085,1,1
37,lhip,0.0,0.05,-0.085,1,1
38,lhip,0.0,0.05,-0.085,1,1
39,lhip,0.0,0.05,-0.085,1,1
40,lhip,0.0,0.05,-0.085,1,1
41,lhip,0.0,0.05,-0.085,1,1
42,lhip,0.0,0.05,-0.085,1,1
43,lhip,0.0,0.05,-0.085,1,1
44,lhip,0.0,0.05,-0.085,1,1
45,lhip,0.0,0.05,-0.085,1,1
46,lhip,0.0,0.05,-0.085,1,1
47,lhip,0.0,0.05,-0.085,1,1
48,lhip,0.0,0.05,-0.085,1,1
49,lhip,0.0,0.05,-0.085,1,1
50,lhip,0.0,0.05,-0.085,1,1
51,lhip,0.0,0.05,-0.085,1,1
52,lhip,0.0,0.05,-0.085,1,1
53,lhip,0.0,0.05,-0.085,1,1
54,lhip,0.0,0.05,-0.085,1,1
55,lhip,0.0,0.05,-0.085,1,1
56,lhip,0.0,0.05,-0.085,1,0
57,lhip,0.0,0.05,-0.085,1,0
58,lhip,0.0,0.05,-0.085,1,0
59,lhip,0.0,0.05,-0.085,1,0
60,lhip,0.0,0.05,-0.085,1,0
61,lhip,0.0,0.05,-0.085,1,0
62,lhip,0.0,0.05,-0.085,1,0
63,lhip,0.0,0.05,-0.085,1,0
64,lhip,0.0,0.05,-0.085,1,0
65,lhip,0.0,0.05,-0.085,1,0
66,lhip,0.0,0.05,-0.085,1,0
67,lhip,0.0,0.05,-0.085,1,0
68,lhip,0.0,0.05,-0.085,1,0
69,lhip,0.0,0.05,-0.085,1,0
70,lhip,0.0,0.05,-0.085,1,0
71,lhip,0.0,0.05,-0.085,1,0
72,lhip,0.0,0.05,-0.085,1,0
73,lhip,0.0,0.05,-0.085,1,0
74,lhip,0.0,0.05,-0.085,1,0
75,lhip,0.0,0.05,-0.085,1,0
76,lhip,0.0,0.05,-0.085,1,1
77,lhip,0.0,0.05,-0.085,1,1
78,lhip,0.0,0.05,-0.085,1,1
79,lhip,0.0,0.05,-0.085,1,1
80,lhip,0.0,0.05,-0.085,1,1
81,lhip,0.0,0.05,-0.085,1,1
82,lhip,0.0,0.05,-0.085,1,1
83,lhip,0.0,0.05,-0.085,1,1
84,lhip,0.0,0.05,-0.085,1,1
85,lhip,0.0,0.05,-0.085,1,1
86,lhip,0.0,0.05,-0.085,1,1
87,lhip,0.0,0.05,-0.085,1,1
88,lhip,0.0,0.05,-0.085,1,1
89,lhip,0.0,0.05,-0.085,1,1
90,lhip,0.0,0.05,-0.085,1,1
91,lhip,0.0,0.05,-0.085,1,1
92,lhip,0.0,0.05,-0.085,1,1
0,lknee,0.008588091266636129,0.06904324899306977,-0.18279046801751334,1,1
1,lknee,0.006961816182308642,0.06829072848879861,-0.1830630232270356,1,1
2,lknee,0.005269672270793065,0.06813864015090237,-0.18319670657443393,1,1
3,lknee,0.004259232755932332,0.06759411502162868,-0.1833447532491826,1,1
4,lknee,0.002901352578161122,0.06656862406847078,-0.18357200386670997,1,1
5,lknee,0.0034490097986411643,0.06669092392529145,-0.1835336911146808,1,1
6,lknee,0.0035220286522195093,0.06497245977005887,-0.1838068474326164,1,1
7,lknee,0.0038986388918194293,0.06459970334722738,-0.1838484979182039,1,1
8,lknee,0.005116903731271214,0.06342091393002533,-0.18395995607295107,1,1
9,lknee,0.0044432510236266315,0.06342269945929258,-0.18399222610356197,1,1
10,lknee,0.004306490950270569,0.06306398010431075,-0.18404627840483517,1,1
11,lknee,0.0036299750683413947,0.06281790530226034,-0.18410547176490671,1,1
12,lknee,0.002790218705584289,0.06251502575514929,-0.1841713722293797,1,1
13,lknee,0.0023760629181143076,0.062302624888227756,-0.18420876750014642,1,1
14,lknee,0.002080871231237035,0.06278937242592976,-0.1841538135362532,1,1
15,lknee,0.001830841768572538,0.06286286188412119,-0.1841492577672258,1,1
16,lknee,0.00223958758032246,0.06314582576037972,-0.1841037000769516,1,1
17,lknee,0.002814927425101051,0.0631464347781143,-0.18408902037675212,1,1
18,lknee,0.003052839807644012,0.06307113804002223,-0.18409185982307305,1,1
19,lknee,0.003482300131690477,0.06315617906186738,-0.18406645508328823,1,1
20,lknee,0.003456444560595632,0.06281194958337553,-0.18411250315147853,1,1
21,lknee,0.003678870492173861,0.06251950440829473,-0.18414187046119868,1,1
22,lknee,0.0033053686158166064,0.06212709727687188,-0.18420373717184535,1,1
23,lknee,0.002994350377161791,0.06201064834042973,-0.1842277735990577,1,1
24,lknee,0.001891775179314259,0.06171416941152257,-0.18429033632997244,1,1
25,lknee,0.0008320052279535119,0.06168196067815121,-0.1843087096831854,1,1
26,lknee,-0.00017650441252755006,0.061825769934051866,-0.1842949632828909,1,1
27,lknee,-0.0008849027683274255,0.06216647580993657,-0.18425006997559987,1,1
28,lknee,-0.0014288900637576029,0.062418095046167923,-0.1842125165184086,1,1
29,lknee,-0.0019871774119682877,0.06272523574009063,-0.18416402446995875,1,1
30,lknee,-0.0026491638708013385,0.06276464393310993,-0.184143476053408,1,1
31,lknee,-0.0032041055761325133,0.06270197442635862,-0.18413511590086984,1,1
32,lknee,-0.003862532840412893,0.062455310379876706,-0.18414295403820696,1,1
33,lknee,-0.004485170426135863,0.06224907680618282,-0.18414238456707852,1,1
34,lknee,-0.004767003269458779,0.06206637544047301,-0.1841517096568065,1,1
35,lknee,-0.0048661624296961825,0.06176306285802473,-0.1841832520298644,1,1
36,lknee,-0.005055946592565808,0.061499049715428855,-0.18420473374632007,1,1
37,lknee,-0.004690274944224428,0.061199151982420825,-0.1842570459969231,1,1
38,lknee,-0.004841643533888895,0.06071958215373337,-0.18430268278040957,1,1
39,lknee,-0.0044115346455017215,0.06056985870288436,-0.18433870973860383,1,1
40,lknee,-0.0037971939377470887,0.06060118752426909,-0.18436083211007898,1,1
41,lknee,-0.00349837978174732,0.060628759418070444,-0.18436883634316187,1,1
42,lknee,-0.0029153204394500474,0.060463454604401966,-0.18440520340216893,1,1
43,lknee,-0.002026486738472228,0.06089690913566865,-0.18438076359957395,1,1
44,lknee,3.809920035603193e-05,0.061079321811153636,-0.1843812065215627,1,1
45,lknee,0.003951836986400013,0.061526538561357313,-0.18425169929577287,1,1
46,lknee,0.009708668079598947,0.06106362971783697,-0.18390762800370558,1,1
47,lknee,0.018397887927458292,0.06081776846745971,-0.18269274044441824,1,1
48,lknee,0.027384775079739323,0.06065313199143501,-0.18058220134925437,1,1
49,lknee,0.03603061230066223,0.05982858129873904,-0.17776085155531607,1,1
50,lknee,0.04302098113260451,0.06005501330151933,-0.17470766373753802,1,1
51,lknee,0.04638914975897269,0.060195360252052355,-0.17299711483552452,1,1
52,lknee,0.047581907037463664,0.059187127437814284,-0.1724696105655338,1,1
53,lknee,0.04546421791590956,0.05805697243684417,-0.17369876654031677,1,1
54,lknee,0.0414867230914454,0.056607419271378,-0.17574454411326446,1,1
55,lknee,0.03825897655416193,0.05738516655570636,-0.1770927670098161,1,1
56,lknee,0.03447980005017258,0.05621762814795136,-0.17865819568593538,1,0
57,lknee,0.03243827769204563,0.05537233130567393,-0.17943663108121058,1,0
58,lknee,0.030902002773973338,0.053974176864208946,-0.18001921586423417,1,0
59,lknee,0.027881907556213895,0.0543639996249205,-0.18093195153396346,1,0
60,lknee,0.02523029179583183,0.0552166758639038,-0.18162086923157839,1,0
61,lknee,0.02004041666690964,0.055894362325374744,-0.1827906262039379,1,0
62,lknee,0.0172582180130507,0.05514076219875595,-0.18336210629995714,1,0
63,lknee,0.014891068899960528,0.056201026482693456,-0.18368732177021652,1,0
64,lknee,0.015536580242675327,0.05633355111453184,-0.18357928044223987,1,0
65,lknee,0.017324846135076698,0.056305413704262675,-0.18328258598432925,1,0
66,lknee,0.018036368672761694,0.05624056913417363,-0.18315863110204159,1,0
67,lknee,0.02021551322025858,0.05357915372478988,-0.1828667771487226,1,0
68,lknee,0.020925358981843206,0.05326702422650251,-0.1827283798458723,1,0
69,lknee,0.020163011145946073,0.05325802341894486,-0.1828888283363067,1,0
70,lknee,0.016345387431466653,0.05286891645180446,-0.1836102375255269,1,0
71,lknee,0.012557138936028611,0.05327473581469996,-0.1841512509161753,1,0
72,lknee,0.007687860233768536,0.05331997713212502,-0.18464563094886244,1,0
73,lknee,0.005308340942277523,0.053689488755922665,-0.1847876665394777,1,0
74,lknee,0.0033097187424920927,0.05409026592653522,-0.18485829677804516,1,0
75,lknee,0.0015638309932311883,0.05467152589825308,-0.18487546791443146,1,0
76,lknee,0.0008166374168072031,0.05433987224051401,-0.18489936197386173,1,1
77,lknee,-0.0006115012614337249,0.05479958571825817,-0.18487977849450082,1,1
78,lknee,-0.0014053281958189233,0.05497986287701155,-0.1848629237309636,1,1
79,lknee,-0.0013155732185217985,0.055805473418752104,-0.18481953319470595,1,1
80,lknee,-0.0012111543596676707,0.05650249817062589,-0.18477785107183356,1,1
81,lknee,-0.0008141855272264743,0.057655938213291694,-0.18470000753230603,1,1
82,lknee,-0.0003438656497153507,0.059061962429378695,-0.18458486363386653,1,1
83,lknee,0.0002717484587570158,0.0600534037546494,-0.18448983313931022,1,1
84,lknee,0.0008387360603186735,0.061118757686797226,-0.18437322601644351,1,1
85,lknee,0.0016082655598909739,0.06215408783556296,-0.18424248493654205,1,1
86,lknee,0.0011936431224685313,0.06314162195614695,-0.18412242144029867,1,1
87,lknee,0.00041142707164626717,0.0642126547809366,-0.18398078922506605,1,1
88,lknee,-0.00010017946267583568,0.06534270696073075,-0.18381277151421632,1,1
89,lknee,-0.0010736587194373906,0.06578481428942104,-0.18373734031766337,1,1
90,lknee,-0.0010353617860506547,0.06614320145291128,-0.18367976836844363,1,1
91,lknee,-0.0009571860550315516,0.06621644967680525,-0.183668584588227,1,1
92,lknee,0.00035354665889861475,0.06664670884229576,-0.1836008887078352,1,1
0,lankle,-0.007729079177201788,0.06803935416258049,-0.2843843752921997,1,1
1,lankle,-0.010097551877088325,0.06822027831853195,-0.2845398542231142,1,1
2,lankle,-0.013105929276708977,0.06854950569700846,-0.28444265393181956,1,1
3,lankle,-0.015146399659145687,0.06805548421057629,-0.2843982018799879,1,1
4,lankle,-0.017316502739890143,0.06765376530423009,-0.2844612410166981,1,1
5,lankle,-0.017926433109287963,0.06799500997436685,-0.2841814034157972,1,1
6,lankle,-0.01899032421343423,0.0661189946641125,-0.28420830375688216,1,1
7,lankle,-0.019316255856496725,0.06595203656669811,-0.2840872968376714,1,1
8,lankle,-0.01877717582614218,0.06524791593728048,-0.2840314736372981,1,1
9,lankle,-0.01937872093761815,0.06502918918000565,-0.2840847122108441,1,1
10,lankle,-0.01958801731776873,0.06411983695932433,-0.2841288046456118,1,1
11,lankle,-0.019495847391895155,0.06368609982244218,-0.28437017705505424,1,1
12,lankle,-0.019683335848424632,0.0634765184252947,-0.28458346210827745,1,1
13,lankle,-0.019834401111430183,0.06334314576893146,-0.2846786337914323,1,1
14,lankle,-0.019503284851588032,0.06428708448086518,-0.28475431407969126,1,1
15,lankle,-0.019905223331215447,0.06477226437034021,-0.28471008726667346,1,1
16,lankle,-0.019371761005060297,0.06534220981902403,-0.28468549046378744,1,1
17,lankle,-0.019054918356611397,0.06530504636839722,-0.28461580565917444,1,1
18,lankle,-0.01848846052368388,0.06540067693963264,-0.28468568472962197,1,1
19,lankle,-0.017340810379129296,0.0650441096529432,-0.28482066369720865,1,1
20,lankle,-0.0166620494143542,0.06444136192536772,-0.28501431070946215,1,1
21,lankle,-0.01593025401482027,0.06402664809700016,-0.28514580301471143,1,1
22,lankle,-0.015511804876372291,0.06386553417602897,-0.2853544495259039,1,1
23,lankle,-0.015673738994867053,0.06399009908070363,-0.2854016822601967,1,1
24,lankle,-0.01585333083731885,0.06409302917197982,-0.28562159710191404,1,1
25,lankle,-0.016497396936938247,0.06373438026361898,-0.2857190599100604,1,1
26,lankle,-0.01709181039052512,0.06352278458286717,-0.28578172352328746,1,1
27,lankle,-0.017490067230666987,0.06376971192322087,-0.2857896305229053,1,1
28,lankle,-0.01762749139734396,0.06427732307806175,-0.28581331378529706,1,1
29,lankle,-0.01746452670629003,0.06479671380954416,-0.2858731324142645,1,1
30,lankle,-0.017446677634540088,0.06472136152689029,-0.2859559798140269,1,1
31,lankle,-0.01755680144330252,0.06435381752074215,-0.2860166803499946,1,1
32,lankle,-0.01789849576605153,0.06368455197476987,-0.28607460873064117,1,1
33,lankle,-0.018110191250199505,0.06339290355052367,-0.28613073623978924,1,1
34,lankle,-0.018552821200426076,0.0634753061181107,-0.28611518080212067,1,1
35,lankle,-0.018639693207903034,0.06354398804242821,-0.28614247434665396,1,1
36,lankle,-0.018627723088000862,0.06367305661051006,-0.28618341646330714,1,1
37,lankle,-0.018372452081378086,0.0637731822553234,-0.2862117056077655,1,1
38,lankle,-0.018264634475492654,0.06381475995348382,-0.2862772774353567,1,1
39,lankle,-0.018072712617532703,0.06386383957208003,-0.28627538646979866,1,1
40,lankle,-0.01791205492964687,0.06387696541684411,-0.2862363486771597,1,1
41,lankle,-0.017846252654375845,0.06402701649147173,-0.28620775939610243,1,1
42,lankle,-0.017441490999175607,0.0640220551935536,-0.28621338943434116,1,1
43,lankle,-0.017027354794283047,0.06498319891648673,-0.2861002907431987,1,1
44,lankle,-0.016326413145457325,0.06577856443713936,-0.2858637102778877,1,1
45,lankle,-0.014478394543717934,0.06718014845721942,-0.2853305796533509,1,1
46,lankle,-0.013034155025215642,0.06662334815885144,-0.28410961905372,1,1
47,lankle,-0.00996609703771988,0.06509362490039873,-0.28151468136744223,1,1
48,lankle,-0.005647478168702608,0.06314064501503293,-0.27800526715548235,1,1
49,lankle,-0.0006116982953608269,0.06011683560583499,-0.2739161434852605,1,1
50,lankle,0.005322296932152713,0.054809876593359785,-0.27031032470404437,1,1
51,lankle,0.011951912267315505,0.05157699819493917,-0.2695807193029402,1,1
52,lankle,0.017986420177172686,0.048192828125269586,-0.2704074047225413,1,1
53,lankle,0.01756114280686552,0.04605302132254798,-0.2720141093033597,1,1
54,lankle,0.01714575863980263,0.0461465354995744,-0.275176241690629,1,1
55,lankle,0.012062690313426584,0.044930583156977524,-0.27582068250592184,1,1
56,lankle,0.00663236545593409,0.04418301656835574,-0.2769855193798631,1,0
57,lankle,0.0028334051312659918,0.04635865977373766,-0.27757371443489093,1,0
58,lankle,-0.003714956336502647,0.04616988652464324,-0.2766077581593947,1,0
59,lankle,-0.010416757165198343,0.04684825833100605,-0.27614391932042215,1,0
60,lankle,-0.016098361829665207,0.0460843701495674,-0.27541384312401085,1,0
61,lankle,-0.020892383939935037,0.0435593738801809,-0.2763904506483043,1,0
62,lankle,-0.024093968763590014,0.042460477966579514,-0.27673121552766217,1,0
63,lankle,-0.025240869635497508,0.04280939266115623,-0.2774885866199322,1,0
64,lankle,-0.02490240696749666,0.04302154263621042,-0.2772599091840433,1,0
65,lankle,-0.02290272549214674,0.04327797721498251,-0.27709414754461364,1,0
66,lankle,-0.02182049075180022,0.04351969902015327,-0.2771702627247817,1,0
67,lankle,-0.019935701982271604,0.04263745950270835,-0.27697706580425013,1,0
68,lankle,-0.017952784705954728,0.04468213222039783,-0.27761450458999903,1,0
69,lankle,-0.019452866973573322,0.0458422099786018,-0.2775681920699948,1,0
70,lankle,-0.020975036197088858,0.04722142333790844,-0.2793383805611276,1,0
71,lankle,-0.02283436247562192,0.048693204877713975,-0.2806656722063348,1,0
72,lankle,-0.025898555087489755,0.048021289873461236,-0.28176645576382414,1,0
73,lankle,-0.026234012736831507,0.047915751846016624,-0.2825645334452844,1,0
74,lankle,-0.025485212268287892,0.047883470040085384,-0.2834528985805868,1,0
75,lankle,-0.025223141934538635,0.04959182173063984,-0.28409863605002544,1,0
76,lankle,-0.024207538661597597,0.04927116526601004,-0.2845822839780093,1,1
77,lankle,-0.024522331155445155,0.05096604381805446,-0.2848905569498127,1,1
78,lankle,-0.023538601346059018,0.05182661584020431,-0.2853057200084421,1,1
79,lankle,-0.02180233727667484,0.05368473381894016,-0.28563803309141905,1,1
80,lankle,-0.02017000905817279,0.055254146416805455,-0.2859093326921013,1,1
81,lankle,-0.018838711349843034,0.05704223129675525,-0.28600800309724517,1,1
82,lankle,-0.017020280286971702,0.059874966198134844,-0.28612215048374523,1,1
83,lankle,-0.01617108013175375,0.06198905519727178,-0.2860499564855655,1,1
84,lankle,-0.015228036755800489,0.06426652717980379,-0.285963183028934,1,1
85,lankle,-0.014235041842472826,0.06651140311519824,-0.2858229107931529,1,1
86,lankle,-0.013326265199899991,0.06864090751000196,-0.28584516391361775,1,1
87,lankle,-0.01349678774301821,0.07032939081375786,-0.2857536525638821,1,1
88,lankle,-0.01301426026913737,0.07180186795045039,-0.28569544601764035,1,1
89,lankle,-0.014059793533239297,0.0723906900075379,-0.28560146543096987,1,1
90,lankle,-0.014428434850403439,0.07264316650756124,-0.28549799082259025,1,1
91,lankle,-0.014937776410005835,0.07322892297363631,-0.28537378820361825,1,1
92,lankle,-0.014044163823991897,0.07347574375229232,-0.2852603351194575,1,1
0,lfoot,0.02459344792818218,0.08302140943333222,-0.31218704271061265,1,1
1,lfoot,0.022842612779579174,0.08293796413977826,-0.3117525640118382,1,1
2,lfoot,0.02031695556320178,0.08236605100042846,-0.3115389280463712,1,1
3,lfoot,0.018189782671171183,0.08130449710835072,-0.31188206258619244,1,1
4,lfoot,0.01618379863646115,0.07987273213137058,-0.31222132432604444,1,1
5,lfoot,0.015281921683463168,0.07867291139402455,-0.3129108931849153,1,1
6,lfoot,0.014068472260084501,0.07710060306155567,-0.31299574561979426,1,1
7,lfoot,0.013603702281915896,0.07576208808340623,-0.31345113590133444,1,1
8,lfoot,0.013467152554997839,0.0743181707197019,-0.31436672978450964,1,1
9,lfoot,0.01304554072245354,0.07310644150391894,-0.3145087291246579,1,1
10,lfoot,0.01256712159768449,0.07219579566494735,-0.3148374351323687,1,1
11,lfoot,0.012752522292895838,0.07168656737698692,-0.3150006865349451,1,1
12,lfoot,0.012768502945741805,0.07167965033830176,-0.3149442998078802,1,1
13,lfoot,0.012757429243449966,0.07170107565664892,-0.3148467399148712,1,1
14,lfoot,0.013280412160250242,0.0721661123649054,-0.3148432863633392,1,1
15,lfoot,0.013405798624758245,0.07250057068149168,-0.31425402507207273,1,1
16,lfoot,0.014064410999459754,0.07300271649249745,-0.3141054489953333,1,1
17,lfoot,0.014694048544884444,0.07318007556799372,-0.3136190536384511,1,1
18,lfoot,0.015520854579763918,0.07334263584367709,-0.3133646807662126,1,1
19,lfoot,0.016656110056049007,0.07339814364371673,-0.3133971480053325,1,1
20,lfoot,0.017559198471623943,0.07333936742122113,-0.31315552254705886,1,1
21,lfoot,0.018327385660114177,0.07345304151015775,-0.3130698624703973,1,1
22,lfoot,0.01881696374842909,0.07365802407234312,-0.3130643700283319,1,1
23,lfoot,0.018633649829974324,0.07390118318868615,-0.31309587878216627,1,1
24,lfoot,0.018298813764642232,0.074253741497788,-0.3134170092270479,1,1
25,lfoot,0.017619850055332023,0.07449167875934765,-0.3133322699102303,1,1
26,lfoot,0.017023751889553174,0.0746291469209306,-0.31325841918865177,1,1
27,lfoot,0.016686124632224717,0.07469205956650661,-0.31326483953004064,1,1
28,lfoot,0.01649951288637147,0.07476529325417233,-0.313517901872796,1,1
29,lfoot,0.01659698439096256,0.07482244358499512,-0.3138283665665384,1,1
30,lfoot,0.01644339394108202,0.07493715040351007,-0.31405042333921107,1,1
31,lfoot,0.016166042391169023,0.07502346084224457,-0.3141435796549961,1,1
32,lfoot,0.015674639328456186,0.07512433439909978,-0.31407769422459386,1,1
33,lfoot,0.015352244214027505,0.07531862014772497,-0.314063469957654,1,1
34,lfoot,0.014888826118717877,0.07548076325205307,-0.3140386962361612,1,1
35,lfoot,0.014752365410114175,0.07563617526309857,-0.3140878609550439,1,1
36,lfoot,0.014738062042260622,0.07584692730236907,-0.3141246665015828,1,1
37,lfoot,0.014868203056434572,0.07603485854214008,-0.3142635926010171,1,1
38,lfoot,0.014965370874535047,0.07619115962514686,-0.31429132358660594,1,1
39,lfoot,0.015046663298555626,0.07628958225767514,-0.31439837232877094,1,1
40,lfoot,0.01511879337197293,0.07621621116784494,-0.31450117125781785,1,1
41,lfoot,0.015163877698502227,0.07628977831456688,-0.3145300376821409,1,1
42,lfoot,0.015392957967445768,0.07658592171578055,-0.31460784209432996,1,1
43,lfoot,0.015766159677292956,0.07728384420079148,-0.31465681171325016,1,1
44,lfoot,0.016250866510669558,0.07836726040810035,-0.31454196925289435,1,1
45,lfoot,0.01749654033548705,0.0797882136043637,-0.3146706146362658,1,1
46,lfoot,0.018272951918653364,0.08062511152290054,-0.3135376927837263,1,1
47,lfoot,0.01991997522831982,0.07940366301844427,-0.3122431724047718,1,1
48,lfoot,0.02203265401487865,0.07748949418879854,-0.31071787783666094,1,1
49,lfoot,0.02563782242382368,0.07339720621208734,-0.30822050885340024,1,1
50,lfoot,0.03176604089975435,0.06738236222349744,-0.3047320282707451,1,1
51,lfoot,0.03993093044424004,0.06259943328590352,-0.3033131725151377,1,1
52,lfoot,0.04659046657731815,0.05811698128780082,-0.3039561039692289,1,1
53,lfoot,0.04595303580740788,0.05464911987536865,-0.3061051906093984,1,1
54,lfoot,0.047236142371313766,0.05512990225349983,-0.3076733420828815,1,1
55,lfoot,0.042064907440224605,0.05490548827429186,-0.3081093824958203,1,1
56,lfoot,0.03799007393385477,0.054168516319186844,-0.30795608250027634,1,0
57,lfoot,0.03371137175642565,0.055217633596798245,-0.3093583971729884,1,0
58,lfoot,0.02598826448841572,0.05452320100291812,-0.30962498084975953,1,0
59,lfoot,0.017626560860386383,0.05523955905799035,-0.31057290575753604,1,0
60,lfoot,0.010317965452621869,0.055261699422642155,-0.31091240369296524,1,0
61,lfoot,0.004035018774405843,0.05477408176407823,-0.31237720420811366,1,0
62,lfoot,-0.0010731387920237395,0.05636758156434229,-0.3130469041289293,1,0
63,lfoot,-0.0013075072827115897,0.057203894526909604,-0.31301587253456453,1,0
64,lfoot,-0.00026760265992545676,0.056683846521626294,-0.31259631620452055,1,0
65,lfoot,0.002121668509817567,0.05600557670336656,-0.31250573735366977,1,0
66,lfoot,0.004631937506029072,0.05455831938181905,-0.31210748320820086,1,0
67,lfoot,0.0073127126740685396,0.052308158746811315,-0.3117073976136661,1,0
68,lfoot,0.009863057061518982,0.05406474066564952,-0.3119720361656612,1,0
69,lfoot,0.008454169869339535,0.0546037362378203,-0.3120156777500619,1,0
70,lfoot,0.006903119865390224,0.05320004071513815,-0.3143991666613888,1,0
71,lfoot,0.006415008918438204,0.05284888343884188,-0.3148621533188837,1,0
72,lfoot,0.004942187420666367,0.05108620754272732,-0.31465489073095426,1,0
73,lfoot,0.005557569298814055,0.05053109203319696,-0.3145746617616187,1,0
74,lfoot,0.006599730305833239,0.0514522319773113,-0.31507588655343804,1,0
75,lfoot,0.006979890941800595,0.052784356348447664,-0.3156417756846114,1,0
76,lfoot,0.007738214595710759,0.0547014238668266,-0.3160811247071903,1,1
77,lfoot,0.00793689831065868,0.056999399299450054,-0.31574819922714453,1,1
78,lfoot,0.009094454317280589,0.059652384757271006,-0.3155718051823075,1,1
79,lfoot,0.010741368472197782,0.06287149948589969,-0.3156164561655177,1,1
80,lfoot,0.012480836363670124,0.06590694763041255,-0.31527997077282477,1,1
81,lfoot,0.013836742903661155,0.06879987779671001,-0.31492628091235153,1,1
82,lfoot,0.015842578141791644,0.0713900141424459,-0.3149254792829081,1,1
83,lfoot,0.016926394525838967,0.07368389602783183,-0.314510150526224,1,1
84,lfoot,0.018148438274440997,0.07540585923518359,-0.3143201909548465,1,1
85,lfoot,0.019174244963317037,0.07691375882500558,-0.31442021583751834,1,1
86,lfoot,0.02023578890072602,0.07789744834024559,-0.31465667058654584,1,1
87,lfoot,0.02041969771304228,0.0782975780793386,-0.3145351628359516,1,1
88,lfoot,0.020949497408785905,0.07850353271352252,-0.3147427371870785,1,1
89,lfoot,0.020564952950764454,0.07843575824988719,-0.3140053344287459,1,1
90,lfoot,0.02051732953056072,0.07837039574440759,-0.3135726665566529,1,1
91,lfoot,0.02013757041705737,0.07817661682596543,-0.3134350514224621,1,1
92,lfoot,0.0204467082090428,0.07796121976707153,-0.3141126534438336,1,1
0,rshoulder,0.0,0.0,0.1,1,1
1,rshoulder,0.0,0.0,0.1,1,1
2,rshoulder,0.0,0.0,0.1,1,1
3,rshoulder,0.0,0.0,0.1,1,1
4,rshoulder,0.0,0.0,0.1,1,1
5,rshoulder,0.0,0.0,0.1,1,1
6,rshoulder,0.0,0.0,0.1,1,1
7,rshoulder,0.0,0.0,0.1,1,1
8,rshoulder,0.0,0.0,0.1,1,1
9,rshoulder,0.0,0.0,0.1,1,1
10,rshoulder,0.0,0.0,0.1,1,1
11,rshoulder,0.0,0.0,0.1,1,1
12,rshoulder,0.0,0.0,0.1,1,1
13,rshoulder,0.0,0.0,0.1,1,1
14,rshoulder,0.0,0.0,0.1,1,1
15,rshoulder,0.0,0.0,0.1,1,1
16,rshoulder,0.0,0.0,0.1,1,1
17,rshoulder,0.0,0.0,0.1,1,1
18,rshoulder,0.0,0.0,0.1,1,1
19,rshoulder,0.0,0.0,0.1,1,1
20,rshoulder,0.0,0.0,0.1,1,1
21,rshoulder,0.0,0.0,0.1,1,1
22,rshoulder,0.0,0.0,0.1,1,1
23,rshoulder,0.0,0.0,0.1,1,1
24,rshoulder,0.0,0.0,0.1,1,1
25,rshoulder,0.0,0.0,0.1,1,1
26,rshoulder,0.0,0.0,0.1,1,1
27,rshoulder,0.0,0.0,0.1,1,1
28,rshoulder,0.0,0.0,0.1,1,1
29,rshoulder,0.0,0.0,0.1,1,1
30,rshoulder,0.0,0.0,0.1,1,1
31,rshoulder,0.0,0.0,0.1,1,1
32,rshoulder,0.0,0.0,0.1,1,1
33,rshoulder,0.0,0.0,0.1,1,1
34,rshoulder,0.0,0.0,0.1,1,1
35,rshoulder,0.0,0.0,0.1,1,1
36,rshoulder,0.0,0.0,0.1,1,1
37,rshoulder,0.0,0.0,0.1,1,1
38,rshoulder,0.0,0.0,0.1,1,1
39,rshoulder,0.0,0.0,0.1,1,1
40,rshoulder,0.0,0.0,0.1,1,1
41,rshoulder,0.0,0.0,0.1,1,1
42,rshoulder,0.0,0.0,0.1,1,1
43,rshoulder,0.0,0.0,0.1,1,1
44,rshoulder,0.0,0.0,0.1,1,1
45,rshoulder,0.0,0.0,0.1,1,1
46,rshoulder,0.0,0.0,0.1,1,1
47,rshoulder,0.0,0.0,0.1,1,1
48,rshoulder,0.0,0.0,0.1,1,1
49,rshoulder,0.0,0.0,0.1,1,1
50,rshoulder,0.0,0.0,0.1,1,1
51,rshoulder,0.0,0.0,0.1,1,1
52,rshoulder,0.0,0.0,0.1,1,1
53,rshoulder,0.0,0.0,0.1,1,1
54,rshoulder,0.0,0.0,0.1,1,1
55,rshoulder,0.0,0.0,0.1,1,1
56,rshoulder,0.0,0.0,0.1,1,0
57,rshoulder,0.0,0.0,0.1,1,0
58,rshoulder,0.0,0.0,0.1,1,0
59,rshoulder,0.0,0.0,0.1,1,0
60,rshoulder,0.0,0.0,0.1,1,0
61,rshoulder,0.0,0.0,0.1,1,0
62,rshoulder,0.0,0.0,0.1,1,0
63,rshoulder,0.0,0.0,0.1,1,0
64,rshoulder,0.0,0.0,0.1,1,0
65,rshoulder,0.0,0.0,0.1,1,0
66,rshoulder,0.0,0.0,0.1,1,0
67,rshoulder,0.0,0.0,0.1,1,0
68,rshoulder,0.0,0.0,0.1,1,0
69,rshoulder,0.0,0.0,0.1,1,0
70,rshoulder,0.0,0.0,0.1,1,0
71,rshoulder,0.0,0.0,0.1,1,0
72,rshoulder,0.0,0.0,0.1,1,0
73,rshoulder,0.0,0.0,0.1,1,0
74,rshoulder,0.0,0.0,0.1,1,0
75,rshoulder,0.0,0.0,0.1,1,0
76,rshoulder,0.0,0.0,0.1,1,1
77,rshoulder,0.0,0.0,0.1,1,1
78,rshoulder,0.0,0.0,0.1,1,1
79,rshoulder,0.0,0.0,0.1,1,1
80,rshoulder,0.0,0.0,0.1,1,1
81,rshoulder,0.0,0.0,0.1,1,1
82,rshoulder,0.0,0.0,0.1,1,1
83,rshoulder,0.0,0.0,0.1,1,1
84,rshoulder,0.0,0.0,0.1,1,1
85,rshoulder,0.0,0.0,0.1,1,1
86,rshoulder,0.0,0.0,0.1,1,1
87,rshoulder,0.0,0.0,0.1,1,1
88,rshoulder,0.0,0.0,0.1,1,1
89,rshoulder,0.0,0.0,0.1,1,1
90,rshoulder,0.0,0.0,0.1,1,1
91,rshoulder,0.0,0.0,0.1,1,1
92,rshoulder,0.0,0.0,0.1,1,1
0,rarm,0.05434725652040443,-0.08613335449088096,0.11862314617194596,1,1
1,rarm,0.045988653754099204,-0.09102257905256333,0.11786993647339311,1,1
2,rarm,0.033316130952384726,-0.09683752282641994,0.11522921625047258,1,1
3,rarm,0.016270153993884703,-0.101066506706994,0.11549936293565863,1,1
4,rarm,-0.004310585639609162,-0.10242739488376999,0.11447224777847236,1,1
5,rarm,-0.02309472250332162,-0.10019265250585582,0.11214302074865908,1,1
6,rarm,-0.03888581475879964,-0.09562365119173914,0.10796229466911914,1,1
7,rarm,-0.04961644607191576,-0.09064285199631046,0.10643962767066026,1,1
8,rarm,-0.05657778543453484,-0.08646391436542696,0.1065063155866622,1,1
9,rarm,-0.06086333279295418,-0.08356447534110797,0.10565816654587387,1,1
10,rarm,-0.06407850878685326,-0.08118714207370602,0.10468828174569289,1,1
11,rarm,-0.06429572951688504,-0.08099759682881505,0.10498425484198515,1,1
12,rarm,-0.06227705598681717,-0.08248588923784383,0.10608557546206814,1,1
13,rarm,-0.06076369498390946,-0.08343206951515503,0.10813944202417157,1,1
14,rarm,-0.058272355692833275,-0.08490459932585609,0.11072087062722856,1,1
15,rarm,-0.05553557455818085,-0.08645921589861773,0.11264875765346652,1,1
16,rarm,-0.051822452020570904,-0.08840125895066155,0.1147999885729328,1,1
17,rarm,-0.04725126819283961,-0.09073500257114951,0.11593344064345308,1,1
18,rarm,-0.0423359747185383,-0.09278301878425824,0.1178426550532105,1,1
19,rarm,-0.038439611975368465,-0.0943881059843577,0.11823926627728751,1,1
20,rarm,-0.035579549134179725,-0.09534807853520566,0.1190324887254415,1,1
21,rarm,-0.034349126771254804,-0.09580037416914429,0.11902157615736847,1,1
22,rarm,-0.03380756026794085,-0.09590749921239468,0.11944716631221722,1,1
23,rarm,-0.03523637918097155,-0.09538011904757568,0.11950463917073526,1,1
24,rarm,-0.0373707562453028,-0.09455573515503532,0.11954562192638736,1,1
25,rarm,-0.03951249929308335,-0.09371646773215088,0.11937453710915329,1,1
26,rarm,-0.04161159238731175,-0.09271478492111261,0.11979491348147826,1,1
27,rarm,-0.042945714459619685,-0.09219661981377753,0.1193608357736838,1,1
28,rarm,-0.04337936778976686,-0.09195157203515948,0.11955847450656229,1,1
29,rarm,-0.042624157453733956,-0.09227661500029076,0.11968772781284968,1,1
30,rarm,-0.04199941293155213,-0.09254124477606211,0.11978800218836533,1,1
31,rarm,-0.04062846094199766,-0.0930759909243304,0.12013902312804828,1,1
32,rarm,-0.040195141051430495,-0.09326602117224685,0.12012920181678254,1,1
33,rarm,-0.03962729344667396,-0.09339536541660153,0.12064876130781585,1,1
34,rarm,-0.03966348679744956,-0.0932532292174501,0.12121415358475596,1,1
35,rarm,-0.039526412817376476,-0.09344065257410467,0.12063736373671734,1,1
36,rarm,-0.03921646557141291,-0.09371546741341084,0.11997169708426159,1,1
37,rarm,-0.03915738614037301,-0.09400240732835374,0.11869892789467543,1,1
38,rarm,-0.03821935997642751,-0.09456310113848462,0.11779015347570351,1,1
39,rarm,-0.03757912567011977,-0.09495098230810319,0.11707356150557356,1,1
40,rarm,-0.0369722656345021,-0.0954232540041533,0.11571130925778844,1,1
41,rarm,-0.03641154151168213,-0.09585542201253498,0.11432929313671546,1,1
42,rarm,-0.034667470632096804,-0.09666352799103306,0.11318032096938019,1,1
43,rarm,-0.03381101591449732,-0.09701933833559251,0.11278492225286685,1,1
44,rarm,-0.032577653220730494,-0.09755132602915345,0.11190900678887043,1,1
45,rarm,-0.029493700857909776,-0.09848780624595527,0.11223347381290898,1,1
46,rarm,-0.024735336175036666,-0.0999009838114146,0.11128492914584863,1,1
47,rarm,-0.015518763056677367,-0.1016983747111124,0.11166177649663778,1,1
48,rarm,-0.005367831609752677,-0.10254919126854081,0.11319996359191167,1,1
49,rarm,0.006221012556930249,-0.10251608981205258,0.11308198660596641,1,1
50,rarm,0.013902126722033926,-0.10178425055930945,0.1128873791419971,1,1
51,rarm,0.024038204951303637,-0.0998755211525775,0.11290120172822296,1,1
52,rarm,0.033021673490547056,-0.09715168353616728,0.11380257985105649,1,1
53,rarm,0.04082731218243982,-0.09319775699641214,0.1191492532038231,1,1
54,rarm,0.04378898315746424,-0.08896446871398704,0.12978646080915832,1,1
55,rarm,0.040192928225126795,-0.08892757817136233,0.13458035196364698,1,1
56,rarm,0.03634024606693824,-0.08850477678391001,0.13956872933134862,1,0
57,rarm,0.031074568219424902,-0.09125886646403386,0.1377570005297104,1,0
58,rarm,0.02748008954692023,-0.09349168398619069,0.13497914570133862,1,0
59,rarm,0.02028409965804159,-0.097195515684594,0.12934231928858536,1,0
60,rarm,0.018368883335844,-0.09846379859619457,0.12620786598573774,1,0
61,rarm,0.014752094524167769,-0.10023275619352427,0.12133455558582855,1,0
62,rarm,0.01494752043074255,-0.10073972076223994,0.11864084878237556,1,0
63,rarm,0.016337175349466652,-0.10089010201282432,0.1165430894464672,1,0
64,rarm,0.013583843486570112,-0.10155957290776109,0.11484982263379971,1,0
65,rarm,0.009912370583772288,-0.10200322942530855,0.11471317303137392,1,0
66,rarm,0.004725899792855801,-0.10242081703023707,0.11438846350582264,1,0
67,rarm,-0.002407494393048289,-0.10223881964492997,0.1161497519928121,1,0
68,rarm,-0.00973037319846517,-0.10213799964101065,0.11387593655865863,1,0
69,rarm,-0.018687378760131455,-0.10081644217833127,0.11436033333034545,1,0
70,rarm,-0.03001750412541594,-0.0979034685383328,0.11527250277049565,1,0
71,rarm,-0.03644470359354855,-0.09590983328945475,0.11387387529580038,1,0
72,rarm,-0.0410094308185033,-0.09422832780015487,0.1125952860699086,1,0
73,rarm,-0.04470439605534726,-0.09265273484654171,0.11167802409799098,1,0
74,rarm,-0.04793372807505221,-0.0913122471095245,0.1091552808610157,1,0
75,rarm,-0.04841873110052088,-0.09116135054322556,0.1080389251471432,1,0
76,rarm,-0.05051227697264548,-0.09018670665085718,0.1058526527590868,1,1
77,rarm,-0.05121153008461493,-0.08982486408116847,0.10531623941291846,1,1
78,rarm,-0.05293395770418873,-0.08885613116317298,0.10468670548586012,1,1
79,rarm,-0.05359386494571704,-0.08840171364099793,0.10567720291462351,1,1
80,rarm,-0.05326545727209656,-0.0885720406410047,0.10609745803619211,1,1
81,rarm,-0.05254019587288635,-0.0889484029887684,0.10686279281038168,1,1
82,rarm,-0.051767101050289296,-0.08937650909681177,0.10716798096415783,1,1
83,rarm,-0.04992578706409749,-0.09042454000947138,0.10708528794831543,1,1
84,rarm,-0.0480146326422382,-0.09148224066995127,0.10670662183618077,1,1
85,rarm,-0.045166452375173444,-0.09294943544737218,0.10630722184470731,1,1
86,rarm,-0.04313471407610701,-0.09390076888182897,0.10643611139872561,1,1
87,rarm,-0.04094747168199968,-0.09479429601818772,0.10753197573477206,1,1
88,rarm,-0.03934271792148022,-0.09534031848679816,0.10904215390532514,1,1
89,rarm,-0.03804824484650434,-0.09568433719530091,0.11078113225314305,1,1
90,rarm,-0.03705544365336998,-0.0960784021534942,0.11073432946118532,1,1
91,rarm,-0.03643470040614826,-0.09642736183031891,0.1096778716209582,1,1
92,rarm,-0.034908759637267466,-0.09702327898517445,0.10934164327355203,1,1
0,rforearm,0.10104620153518962,-0.1315355102317814,0.02134212653254812,1,1
1,rforearm,0.07438288624837011,-0.14184024447345928,0.016296889828643968,1,1
2,rforearm,0.03714411879725566,-0.15285145810103382,0.012498821951360276,1,1
3,rforearm,-0.0029617337814644845,-0.15676064711050017,0.014335870461797573,1,1
4,rforearm,-0.04115335749442648,-0.15028564419619098,0.014182978045703828,1,1
5,rforearm,-0.07361155744175245,-0.13877992919067272,0.013833162501168991,1,1
6,rforearm,-0.09838334129665766,-0.12343544708330415,0.011048467189615482,1,1
7,rforearm,-0.11456360724306992,-0.1098923632439336,0.01095631166576598,1,1
8,rforearm,-0.12370244427738822,-0.09810234325601849,0.011298352653228289,1,1
9,rforearm,-0.12996866194053414,-0.08936815294419329,0.01133690508545318,1,1
10,rforearm,-0.1339618020362034,-0.0835267811634536,0.010791570826977251,1,1
11,rforearm,-0.13402915483780614,-0.08337958424673646,0.010977260393356447,1,1
12,rforearm,-0.13103114714272612,-0.08764674795317282,0.01147062595126852,1,1
13,rforearm,-0.12766894980664423,-0.09280080589229123,0.012527398047884969,1,1
14,rforearm,-0.12312550220715957,-0.09801981498859622,0.014140301913799683,1,1
15,rforearm,-0.11751885902151124,-0.10267424708676058,0.014664659986642736,1,1
16,rforearm,-0.11035709114316311,-0.10813563461093971,0.015351610231521304,1,1
17,rforearm,-0.1020372935098941,-0.11316032372694675,0.014931679103037734,1,1
18,rforearm,-0.09253062029234592,-0.11778963131538553,0.015076357034186041,1,1
19,rforearm,-0.0852107749145806,-0.1216785727477319,0.01444412965017082,1,1
20,rforearm,-0.07967384619974383,-0.1228694292047527,0.014132437010540663,1,1
21,rforearm,-0.07607724007609967,-0.12361646646621707,0.013235096625856188,1,1
22,rforearm,-0.07582041305882678,-0.12247239339211749,0.013452051139995938,1,1
23,rforearm,-0.07820021533364634,-0.12060820170465496,0.013564091085026792,1,1
24,rforearm,-0.0815611614391683,-0.11730302675033434,0.013547879652709094,1,1
25,rforearm,-0.0852860615024652,-0.11447994197410297,0.013641858426228864,1,1
26,rforearm,-0.08874781296648426,-0.11065615015417757,0.014144495912925728,1,1
27,rforearm,-0.09179372424596025,-0.10794825493398416,0.01413956617438604,1,1
28,rforearm,-0.09243043062622032,-0.10654956754524693,0.014265342736159883,1,1
29,rforearm,-0.09009066762702206,-0.10718562101098913,0.01371412203380748,1,1
30,rforearm,-0.08771033519056898,-0.10826524059969003,0.013162437397747709,1,1
31,rforearm,-0.0843279949651893,-0.10969109408904003,0.01280758901470666,1,1
32,rforearm,-0.08173363783548934,-0.11067921586707677,0.01206863758656651,1,1
33,rforearm,-0.07961493835344535,-0.11220842206904263,0.012238409464858185,1,1
34,rforearm,-0.07815652990031718,-0.1127210361767647,0.012379196468812886,1,1
35,rforearm,-0.07706191848763286,-0.11274187119884213,0.011438990919224498,1,1
36,rforearm,-0.07635969847255294,-0.11291198509883134,0.010620788188422478,1,1
37,rforearm,-0.07553620093163048,-0.11239453938641325,0.00895351593004555,1,1
38,rforearm,-0.07405621194680077,-0.11255917028626328,0.007801023119657802,1,1
39,rforearm,-0.0734673839955654,-0.11192501320937356,0.006938845943786534,1,1
40,rforearm,-0.0735803223935218,-0.11119585120473548,0.005634827778297949,1,1
41,rforearm,-0.0736989229224542,-0.11032247293437578,0.004301522496739915,1,1
42,rforearm,-0.07230407865998689,-0.11065307585742643,0.0032096897860940943,1,1
43,rforearm,-0.07142536199410346,-0.11009108367891156,0.0026938275215218632,1,1
44,rforearm,-0.07132081827481535,-0.11071400739478048,0.0022210079373317787,1,1
45,rforearm,-0.07082082543724194,-0.11134194001858728,0.003455765616216064,1,1
46,rforearm,-0.06841995592433188,-0.11470173134957301,0.0036821373445124622,1,1
47,rforearm,-0.06257822301515356,-0.11969718042290875,0.005986784583206353,1,1
48,rforearm,-0.054099085892278326,-0.1280313502118429,0.00984787667925964,1,1
49,rforearm,-0.04241580290134478,-0.13486298800784058,0.011623164143315809,1,1
50,rforearm,-0.03145289170366172,-0.13964124777036452,0.011815506831448441,1,1
51,rforearm,-0.01380560202118616,-0.14499583816529563,0.011719319544162998,1,1
52,rforearm,0.0024969711772209954,-0.14692856524703374,0.012332154356970867,1,1
53,rforearm,0.019661713540907677,-0.1476624139180487,0.01770290947309318,1,1
54,rforearm,0.0254576438690578,-0.14803942871905285,0.030388982558475927,1,1
55,rforearm,0.02162222168209266,-0.14984172812143992,0.036344271482073934,1,1
56,rforearm,0.015707620633492188,-0.15171494499329316,0.04321255886737066,1,0
57,rforearm,0.009384944934144532,-0.15554141201503077,0.04234702444049032,1,0
58,rforearm,0.008927854811005529,-0.15750006687107493,0.03872690993875268,1,0
59,rforearm,0.004744411421005358,-0.16216192858361264,0.03319850619238045,1,0
60,rforearm,0.007236130427262051,-0.16357397688588277,0.02955149444901875,1,0
61,rforearm,0.008298729257641718,-0.16885898139570646,0.026706142180061884,1,0
62,rforearm,0.010734060178339236,-0.17005577902200245,0.024389643360807844,1,0
63,rforearm,0.014695756886013598,-0.16820385742930039,0.020773036263798936,1,0
64,rforearm,0.010831776833715851,-0.1628901321215911,0.01516670183095041,1,0
65,rforearm,0.008489904607374933,-0.15848696432766005,0.012178771447208858,1,0
66,rforearm,0.0024209192863923006,-0.15529195904155035,0.009961125859338268,1,0
67,rforearm,-0.007548061486186073,-0.15031814228152038,0.009530262374313758,1,0
68,rforearm,-0.016523647081628998,-0.14586455723387703,0.0054896664790566735,1,0
69,rforearm,-0.03357029163292112,-0.13967671848955332,0.004933949998898346,1,0
70,rforearm,-0.052622535440255136,-0.1350702222072049,0.006583021397733188,1,0
71,rforearm,-0.06556679370242563,-0.13159273985101264,0.006243115810203384,1,0
72,rforearm,-0.07545011519268924,-0.1284261010693102,0.0060584406847446065,1,0
73,rforearm,-0.08509940588179257,-0.12408351350612626,0.006387464697765202,1,0
74,rforearm,-0.09001299727464758,-0.11805821973029812,0.003232137322459777,1,0
75,rforearm,-0.09291842275966618,-0.11273171436861483,0.0019246599775915169,1,0
76,rforearm,-0.09507255615914251,-0.10588248849946268,-0.0012630306470998304,1,1
77,rforearm,-0.09466196836809598,-0.10121486769023375,-0.0027952249080266667,1,1
78,rforearm,-0.09538326509025669,-0.09619395392021773,-0.004170800917588757,1,1
79,rforearm,-0.0945384999722961,-0.09336506084834985,-0.003888526256604574,1,1
80,rforearm,-0.09178293789164219,-0.09214358507177753,-0.004398648169771591,1,1
81,rforearm,-0.08865010220094513,-0.09191423633986483,-0.004461069279654117,1,1
82,rforearm,-0.0856790265249764,-0.09266531173327645,-0.004836136209396338,1,1
83,rforearm,-0.08167350088539127,-0.09430687601573372,-0.005532476340566458,1,1
84,rforearm,-0.07898167316338432,-0.09618075689449085,-0.006097174074623957,1,1
85,rforearm,-0.07598236614844242,-0.09869723241321618,-0.006489458999651407,1,1
86,rforearm,-0.07576384780185987,-0.10179233536785412,-0.005719173571165984,1,1
87,rforearm,-0.07491687868387845,-0.10473582260986745,-0.00406100006076375,1,1
88,rforearm,-0.07537875070388134,-0.10949111838793414,-0.0014426776568856603,1,1
89,rforearm,-0.0752748745360836,-0.1136180537319364,0.001244410660502529,1,1
90,rforearm,-0.07506271927745672,-0.11574146295547125,0.001763967157646748,1,1
91,rforearm,-0.07474420216034913,-0.11808280543101829,0.0011920453423925337,1,1
92,rforearm,-0.07258339222218341,-0.11805388292371374,0.0005111193913176215,1,1
0,rhand,0.17951406559144262,-0.047193094898509216,0.03850327536211151,1,1
1,rhand,0.16008675728725363,-0.06341193131345928,0.024616300613135148,1,1
2,rhand,0.13441136214222874,-0.08943309729013067,0.003413175390474133,1,1
3,rhand,0.10331884768404481,-0.11770892637390556,-0.012954601207103546,1,1
4,rhand,0.06414213356162576,-0.13563947585505526,-0.03339548658318725,1,1
5,rhand,0.019272465638333833,-0.14887857325167334,-0.05570772052715661,1,1
6,rhand,-0.020429027489999946,-0.1536510274970032,-0.07004089711687342,1,1
7,rhand,-0.049830298015416344,-0.15193681375268833,-0.07626296602529126,1,1
8,rhand,-0.06549113354734656,-0.1473808850220957,-0.07672669812377263,1,1
9,rhand,-0.07262680517954778,-0.13951112159873025,-0.07677058981331461,1,1
10,rhand,-0.07684314765365907,-0.13532439301595647,-0.07649993378420403,1,1
11,rhand,-0.07070640366514847,-0.1318619859002274,-0.0739052400230329,1,1
12,rhand,-0.06063856796788135,-0.13125816665696635,-0.07043345149260154,1,1
13,rhand,-0.052898951889654,-0.13191459069418432,-0.06775285084339944,1,1
14,rhand,-0.04378173049730291,-0.1321377414414578,-0.06399982366103268,1,1
15,rhand,-0.03394838588044517,-0.13176430491523092,-0.06106567336454759,1,1
16,rhand,-0.023793005094156633,-0.1324097899889946,-0.05869413482539888,1,1
17,rhand,-0.01360506279135866,-0.1323055389872314,-0.058406959514654494,1,1
18,rhand,-0.0035591740397692972,-0.13344470755863774,-0.05843787615003801,1,1
19,rhand,0.0036078480878915797,-0.13325478448939654,-0.06000443401619965,1,1
20,rhand,0.008230391602512363,-0.13257494197647768,-0.061656753943730436,1,1
21,rhand,0.011059267412287202,-0.13196344467375787,-0.06359537934690752,1,1
22,rhand,0.010159757198951139,-0.13009771380011187,-0.0647439429629685,1,1
23,rhand,0.0072348020003059205,-0.12772770269780773,-0.06527449978509092,1,1
24,rhand,0.0022881652212028564,-0.1252572133362073,-0.06689698574802282,1,1
25,rhand,-0.003665266843506043,-0.12341303701897091,-0.06896315709311138,1,1
26,rhand,-0.01012211216623557,-0.12261788463070297,-0.07094520174422579,1,1
27,rhand,-0.01754318679494117,-0.12234047418481919,-0.07443289291935637,1,1
28,rhand,-0.024239210044163004,-0.12461396047749025,-0.07841146951645991,1,1
29,rhand,-0.028000325642417757,-0.128453432739163,-0.08250346688281661,1,1
30,rhand,-0.031014730020195905,-0.13126024852685733,-0.08594452723133304,1,1
31,rhand,-0.031687817231465125,-0.13481936404698167,-0.08800380049694015,1,1
32,rhand,-0.030739489329197067,-0.13697943417888217,-0.08928842114366982,1,1
33,rhand,-0.028663411338580684,-0.13969133581782278,-0.08882582861404004,1,1
34,rhand,-0.027322079516511374,-0.14110363431169495,-0.08849523535084287,1,1
35,rhand,-0.025971548941401065,-0.14098151003099865,-0.08934609473287375,1,1
36,rhand,-0.02509372077308502,-0.14090067750234017,-0.09014519455741271,1,1
37,rhand,-0.024255019710037122,-0.1397918568980261,-0.09196711068427194,1,1
38,rhand,-0.022369358907851557,-0.1388416851223498,-0.09320911270266895,1,1
39,rhand,-0.021646443771758367,-0.13687740327999282,-0.09433954576848173,1,1
40,rhand,-0.02088074358854436,-0.13394222244298817,-0.0957097311839711,1,1
41,rhand,-0.019968221953809713,-0.1319990814218973,-0.09673556934694237,1,1
42,rhand,-0.01710002188901518,-0.12966461153398262,-0.097569472062924,1,1
43,rhand,-0.01331335648588021,-0.12639675925815697,-0.09691780165253397,1,1
44,rhand,-0.010394680222616803,-0.1236649898122825,-0.09619458365611464,1,1
45,rhand,-0.005823499371392274,-0.11919406328166644,-0.09287201147238056,1,1
46,rhand,-0.0001988581794918759,-0.11473633668545637,-0.0907172516276346,1,1
47,rhand,0.006613101284625875,-0.11062899277706388,-0.08726379419252074,1,1
48,rhand,0.017310077672619356,-0.10819484343614977,-0.07999966744078099,1,1
49,rhand,0.030941041900125907,-0.10454553448520809,-0.07361166668929942,1,1
50,rhand,0.046133602843854135,-0.09502698083457778,-0.0627180552570996,1,1
51,rhand,0.065358281723576,-0.08664711150783963,-0.050681696021245747,1,1
52,rhand,0.08259586473934519,-0.07649000866479623,-0.03444306431297862,1,1
53,rhand,0.09522982164260946,-0.06585145974553498,-0.016382055635106814,1,1
54,rhand,0.0983760185489628,-0.061774019190943066,0.0019892923495208187,1,1
55,rhand,0.09710500528071336,-0.0642446893385638,0.013088235791659245,1,1
56,rhand,0.09351555128788946,-0.0676506359105889,0.022130124132833454,1,0
57,rhand,0.09202482393675006,-0.07534912344746403,0.024876968301683088,1,0
58,rhand,0.095811296344872,-0.08128779953122396,0.02429364525419027,1,0
59,rhand,0.09374047678179583,-0.0877659726363393,0.022696472880348442,1,0
60,rhand,0.09695348674658248,-0.08939005504610677,0.025961343701543658,1,0
61,rhand,0.0981194260499613,-0.09471325178175226,0.02660804617492727,1,0
62,rhand,0.10039492298112923,-0.09581585278705125,0.028226202577690325,1,0
63,rhand,0.10663402306562685,-0.09675764292174313,0.023628146307980043,1,0
64,rhand,0.10480057597279833,-0.09409625968305858,0.01678770434903911,1,0
65,rhand,0.10340895784605782,-0.0910326458273875,0.014553292586456237,1,0
66,rhand,0.10006387576571267,-0.09180105881632399,0.010265033261395197,1,0
67,rhand,0.09350953269430344,-0.09241658123638993,0.009163693091968624,1,0
68,rhand,0.08852786752508775,-0.09561505523082753,0.0033652493927896227,1,0
69,rhand,0.07573693201871173,-0.09980828737004364,-0.0003375282338119413,1,0
70,rhand,0.060710795540120724,-0.11099079147535353,-0.005295453754766602,1,0
71,rhand,0.04839299304038053,-0.11757764675177337,-0.013304184377498689,1,0
72,rhand,0.03743538442684978,-0.12479307068302559,-0.022384835671644274,1,0
73,rhand,0.023614472805818992,-0.13079734268192317,-0.03486258479655523,1,0
74,rhand,0.015305360204762211,-0.12875120058473483,-0.04533788498714101,1,0
75,rhand,0.008416516815949765,-0.12638178706980055,-0.05384506564071738,1,0
76,rhand,0.003922630653561174,-0.12183276306730764,-0.06051589812972036,1,1
77,rhand,0.00479693266278558,-0.11527471539347764,-0.061749510976680674,1,1
78,rhand,0.004668817864194416,-0.10610849813778704,-0.06296394867309921,1,1
79,rhand,0.008207581886601173,-0.09950017794066979,-0.058394960107958305,1,1
80,rhand,0.012329518059827474,-0.09519151762355842,-0.056520071946148866,1,1
81,rhand,0.016557333424459267,-0.09206157056142712,-0.05442818522027734,1,1
82,rhand,0.01887233432259694,-0.09085507359752641,-0.056130455774059666,1,1
83,rhand,0.021170989472839796,-0.09092973761846644,-0.06009390917097627,1,1
84,rhand,0.020444035548862358,-0.0923750123229886,-0.06663958283693097,1,1
85,rhand,0.018213697793671463,-0.09625317452129858,-0.07494726430701984,1,1
86,rhand,0.011857718617179477,-0.10264685754887024,-0.08244649928479092,1,1
87,rhand,0.005532225768598895,-0.10821366565949729,-0.08821085103381808,1,1
88,rhand,-0.0012862402107183118,-0.11747724731564525,-0.09095164110546444,1,1
89,rhand,-0.007475236359010318,-0.12431633340105488,-0.0928517502448032,1,1
90,rhand,-0.010326190000881141,-0.1308440630412735,-0.09387300753689666,1,1
91,rhand,-0.012837919259063198,-0.1371935104623498,-0.0955950438721848,1,1
92,rhand,-0.010817473563147564,-0.14109571063394113,-0.09550655475805568,1,1
0,rhip,0.0,-0.05,-0.085,1,1
1,rhip,0.0,-0.05,-0.085,1,1
2,rhip,0.0,-0.05,-0.085,1,1
3,rhip,0.0,-0.05,-0.085,1,1
4,rhip,0.0,-0.05,-0.085,1,1
5,rhip,0.0,-0.05,-0.085,1,1
6,rhip,0.0,-0.05,-0.085,1,1
7,rhip,0.0,-0.05,-0.085,1,1
8,rhip,0.0,-0.05,-0.085,1,1
9,rhip,0.0,-0.05,-0.085,1,1
10,rhip,0.0,-0.05,-0.085,1,1
11,rhip,0.0,-0.05,-0.085,1,1
12,rhip,0.0,-0.05,-0.085,1,1
13,rhip,0.0,-0.05,-0.085,1,1
14,rhip,0.0,-0.05,-0.085,1,1
15,rhip,0.0,-0.05,-0.085,1,1
16,rhip,0.0,-0.05,-0.085,1,1
17,rhip,0.0,-0.05,-0.085,1,1
18,rhip,0.0,-0.05,-0.085,1,1
19,rhip,0.0,-0.05,-0.085,1,1
20,rhip,0.0,-0.05,-0.085,1,1
21,rhip,0.0,-0.05,-0.085,1,1
22,rhip,0.0,-0.05,-0.085,1,1
23,rhip,0.0,-0.05,-0.085,1,1
24,rhip,0.0,-0.05,-0.085,1,1
25,rhip,0.0,-0.05,-0.085,1,1
26,rhip,0.0,-0.05,-0.085,1,1
27,rhip,0.0,-0.05,-0.085,1,1
28,rhip,0.0,-0.05,-0.085,1,1
29,rhip,0.0,-0.05,-0.085,1,1
30,rhip,0.0,-0.05,-0.085,1,1
31,rhip,0.0,-0.05,-0.085,1,1
32,rhip,0.0,-0.05,-0.085,1,1
33,rhip,0.0,-0.05,-0.085,1,1
34,rhip,0.0,-0.05,-0.085,1,1
35,rhip,0.0,-0.05,-0.085,1,1
36,rhip,0.0,-0.05,-0.085,1,1
37,rhip,0.0,-0.05,-0.085,1,1
38,rhip,0.0,-0.05,-0.085,1,1
39,rhip,0.0,-0.05,-0.085,1,1
40,rhip,0.0,-0.05,-0.085,1,1
41,rhip,0.0,-0.05,-0.085,1,1
42,rhip,0.0,-0.05,-0.085,1,1
43,rhip,0.0,-0.05,-0.085,1,1
44,rhip,0.0,-0.05,-0.085,1,1
45,rhip,0.0,-0.05,-0.085,1,1
46,rhip,0.0,-0.05,-0.085,1,1
47,rhip,0.0,-0.05,-0.085,1,1
48,rhip,0.0,-0.05,-0.085,1,1
49,rhip,0.0,-0.05,-0.085,1,1
50,rhip,0.0,-0.05,-0.085,1,1
51,rhip,0.0,-0.05,-0.085,1,1
52,rhip,0.0,-0.05,-0.085,1,1
53,rhip,0.0,-0.05,-0.085,1,1
54,rhip,0.0,-0.05,-0.085,1,1
55,rhip,0.0,-0.05,-0.085,1,1
56,rhip,0.0,-0.05,-0.085,1,0
57,rhip,0.0,-0.05,-0.085,1,0
58,rhip,0.0,-0.05,-0.085,1,0
59,rhip,0.0,-0.05,-0.085,1,0
60,rhip,0.0,-0.05,-0.085,1,0
61,rhip,0.0,-0.05,-0.085,1,0
62,rhip,0.0,-0.05,-0.085,1,0
63,rhip,0.0,-0.05,-0.085,1,0
64,rhip,0.0,-0.05,-0.085,1,0
65,rhip,0.0,-0.05,-0.085,1,0
66,rhip,0.0,-0.05,-0.085,1,0
67,rhip,0.0,-0.05,-0.085,1,0
68,rhip,0.0,-0.05,-0.085,1,0
69,rhip,0.0,-0.05,-0.085,1,0
70,rhip,0.0,-0.05,-0.085,1,0
71,rhip,0.0,-0.05,-0.085,1,0
72,rhip,0.0,-0.05,-0.085,1,0
73,rhip,0.0,-0.05,-0.085,1,0
74,rhip,0.0,-0.05,-0.085,1,0
75,rhip,0.0,-0.05,-0.085,1,0
76,rhip,0.0,-0.05,-0.085,1,1
77,rhip,0.0,-0.05,-0.085,1,1
78,rhip,0.0,-0.05,-0.085,1,1
79,rhip,0.0,-0.05,-0.085,1,1
80,rhip,0.0,-0.05,-0.085,1,1
81,rhip,0.0,-0.05,-0.085,1,1
82,rhip,0.0,-0.05,-0.085,1,1
83,rhip,0.0,-0.05,-0.085,1,1
84,rhip,0.0,-0.05,-0.085,1,1
85,rhip,0.0,-0.05,-0.085,1,1
86,rhip,0.0,-0.05,-0.085,1,1
87,rhip,0.0,-0.05,-0.085,1,1
88,rhip,0.0,-0.05,-0.085,1,1
89,rhip,0.0,-0.05,-0.085,1,1
90,rhip,0.0,-0.05,-0.085,1,1
91,rhip,0.0,-0.05,-0.085,1,1
92,rhip,0.0,-0.05,-0.085,1,1
0,rknee,0.01483179644667672,-0.06580275262996649,-0.18473782990641907,1,1
1,rknee,0.01528719934435154,-0.06604958672685482,-0.18462956711744807,1,1
2,rknee,0.014634522156604029,-0.06717911689144791,-0.18453916357581024,1,1
3,rknee,0.012444257103460357,-0.06697949353297046,-0.18487086468947667,1,1
4,rknee,0.010824428115933817,-0.06794716734795055,-0.18489030580105548,1,1
5,rknee,0.008687835716644417,-0.067634598882335,-0.18515425566908156,1,1
6,rknee,0.00604797320760739,-0.0682182830610093,-0.18524397109977253,1,1
7,rknee,0.005322601448451891,-0.06840862878568613,-0.18525035392200365,1,1
8,rknee,0.004591977900000894,-0.06925687185012105,-0.18512703969473546,1,1
9,rknee,0.0046433014854504046,-0.06984069048725622,-0.185010614486257,1,1
10,rknee,0.003807998070544751,-0.07037689501059789,-0.1849380860105948,1,1
11,rknee,0.003582803876536667,-0.07096073737569675,-0.18482558382544548,1,1
12,rknee,0.0028266411298399517,-0.07121106739256793,-0.18479695208259955,1,1
13,rknee,0.0016715796763223701,-0.07148268930218529,-0.1847649667875529,1,1
14,rknee,0.0015252730522439231,-0.07173019569137801,-0.18471366693006708,1,1
15,rknee,0.0008416862371367761,-0.07200498132948663,-0.1846615128658886,1,1
16,rknee,0.0005687276522318522,-0.071669183187424,-0.18473696779040522,1,1
17,rknee,0.0006158830253941238,-0.0717376937279023,-0.18472182934957454,1,1
18,rknee,0.0008513830649624964,-0.07161221234661759,-0.1847472973639292,1,1
19,rknee,0.001333796294631472,-0.0715419063902205,-0.1847572472900342,1,1
20,rknee,0.0017056688508157265,-0.07155818377330805,-0.18474809620537325,1,1
21,rknee,0.0025273603238877215,-0.0713944054586366,-0.18476590799677906,1,1
22,rknee,0.002788692206587255,-0.07121372492450058,-0.18479751364440677,1,1
23,rknee,0.0029028316212307875,-0.07082135931701418,-0.1848768520456464,1,1
24,rknee,0.0025983623005528863,-0.07093020739575606,-0.18486245708101115,1,1
25,rknee,0.0020226981736039405,-0.07053508934448226,-0.18495778812977412,1,1
26,rknee,0.0017583212022315672,-0.06997735564875755,-0.18507571610928594,1,1
27,rknee,0.0012620112951647197,-0.06938435428967649,-0.18519979754071328,1,1
28,rknee,0.000892590628561194,-0.06908484411340864,-0.18526122132937115,1,1
29,rknee,0.0005071694051131068,-0.0687233406773545,-0.1853320809382542,1,1
30,rknee,-0.00023410799903221698,-0.0683621298861858,-0.18539981636525213,1,1
31,rknee,-0.0009771254538477353,-0.06802517698322386,-0.18545636010271221,1,1
32,rknee,-0.001663164158535611,-0.06761857459752676,-0.1855194685767917,1,1
33,rknee,-0.002261156299311644,-0.06722638299510737,-0.18557575130665127,1,1
34,rknee,-0.0023684778790565054,-0.06733409213159242,-0.18555479160539665,1,1
35,rknee,-0.0022231441014891216,-0.06701169237969029,-0.18561308330284815,1,1
36,rknee,-0.0019188725138419246,-0.06693059810913798,-0.18563302270166435,1,1
37,rknee,-0.00185705325912265,-0.0667446183297791,-0.18566536391616628,1,1
38,rknee,-0.0017619673993177474,-0.06629874616418421,-0.18574019400430586,1,1
39,rknee,-0.0016699187188644572,-0.06619878816250277,-0.18575783179064465,1,1
40,rknee,-0.0015806383008410217,-0.06578632496977561,-0.18582479210416225,1,1
41,rknee,-0.0017874433229936408,-0.06548702834518093,-0.18586771599046745,1,1
42,rknee,-0.0017076857277289065,-0.06512625256667978,-0.18592386426186613,1,1
43,rknee,-0.0012763113479452276,-0.06489069716186281,-0.18596526955849552,1,1
44,rknee,-0.0008054219993056765,-0.06407932735299356,-0.18608642454106844,1,1
45,rknee,-0.00023548422092591628,-0.06352990635387963,-0.186164339264487,1,1
46,rknee,0.0010201442520076807,-0.06271902692292652,-0.1862646769135874,1,1
47,rknee,0.0025899388734448993,-0.06245473695408767,-0.18626951741817904,1,1
48,rknee,0.004389625825699727,-0.06206555089373498,-0.1862545925290215,1,1
49,rknee,0.005397312896773061,-0.06184527629753081,-0.18623194814234528,1,1
50,rknee,0.005249922695686356,-0.06094924511423536,-0.18634044821095314,1,1
51,rknee,0.0039058363741370523,-0.06055302766731084,-0.18644326147759796,1,1
52,rknee,0.004860143436241555,-0.059741309848307556,-0.1864831323659091,1,1
53,rknee,0.0043172713551045475,-0.058983090678091515,-0.1865776012986582,1,1
54,rknee,0.010807343982080999,-0.060169583774169796,-0.18598078764674517,1,1
55,rknee,0.03166093378309991,-0.06415479809615263,-0.18099247366000132,1,1
56,rknee,0.05848778534340504,-0.06713033219811264,-0.1668722788442219,1,0
57,rknee,0.0857891961773996,-0.06568523593515854,-0.13802380477799986,1,0
58,rknee,0.10020491487154788,-0.06700054814607981,-0.09434370827016811,1,0
59,rknee,0.09495016748991235,-0.06724844209201271,-0.05176884449211656,1,0
60,rknee,0.08247525385737166,-0.06793507399579268,-0.027610930105683155,1,0
61,rknee,0.07317102891877451,-0.06986925895553232,-0.016673240509762127,1,0
62,rknee,0.0715461221470195,-0.07369313103378199,-0.016173165765790684,1,0
63,rknee,0.07554580261752863,-0.08202787883215903,-0.0243008000784872,1,0
64,rknee,0.08076962455316207,-0.08787072379371416,-0.03540743277584166,1,0
65,rknee,0.0828985290922177,-0.09324296414219396,-0.04407054395432686,1,0
66,rknee,0.08373649003905602,-0.09712933567678853,-0.05058537275674744,1,0
67,rknee,0.08429420791613827,-0.0982278771208097,-0.053600848930909634,1,0
68,rknee,0.08642988283416521,-0.09920807930061519,-0.06206994445966814,1,0
69,rknee,0.08877415819026356,-0.09941182341545252,-0.0752545456673689,1,0
70,rknee,0.08754315143431321,-0.1018549336496179,-0.09303786351675694,1,0
71,rknee,0.0814956527859795,-0.10356744406329599,-0.11510528102801865,1,0
72,rknee,0.0704475174284285,-0.10297948885115848,-0.13645538637845633,1,0
73,rknee,0.05771061543952634,-0.10000434230593866,-0.15272283535854073,1,0
74,rknee,0.041819919066823974,-0.09532034736276938,-0.1663295570401882,1,0
75,rknee,0.028033529244157664,-0.09107267803447261,-0.17413196006398293,1,0
76,rknee,0.015180739880620547,-0.08518990681935774,-0.17959687392929305,1,1
77,rknee,0.0071148299107885666,-0.0816494178113917,-0.18177313948386287,1,1
78,rknee,6.92856539586547e-06,-0.0775710633226261,-0.1832709434634814,1,1
79,rknee,-0.0036941117541805196,-0.07412196652145144,-0.18410510793613022,1,1
80,rknee,-0.006057227113444334,-0.07112930873903246,-0.18467046621751887,1,1
81,rknee,-0.006907874611532612,-0.06881166406750933,-0.18507866628610403,1,1
82,rknee,-0.008047671075079851,-0.06663158622010751,-0.1853791255809193,1,1
83,rknee,-0.008206569338553524,-0.06532716514451742,-0.18557368697381071,1,1
84,rknee,-0.00824121216553285,-0.06358263779850776,-0.1858212724562157,1,1
85,rknee,-0.007955986223403056,-0.06257271238952686,-0.1859751166634246,1,1
86,rknee,-0.008487192055728532,-0.06131184794594022,-0.18608095920009976,1,1
87,rknee,-0.008484819259360085,-0.060454485434129235,-0.18617334007204467,1,1
88,rknee,-0.008757548473949392,-0.05982788527847096,-0.18621291831547035,1,1
89,rknee,-0.008880585874974601,-0.0596515469616892,-0.18621918249788305,1,1
90,rknee,-0.009020944689489474,-0.059358561975434584,-0.18623426557346515,1,1
91,rknee,-0.008315148500373662,-0.0593337346160994,-0.1862970102187681,1,1
92,rknee,-0.009534227999911946,-0.05909507084803976,-0.18621125735801242,1,1
0,rankle,-0.01727584281488164,-0.06737667948197767,-0.2825920561135618,1,1
1,rankle,-0.017868744575212196,-0.06765160943595686,-0.28213310037704986,1,1
2,rankle,-0.01809266520376879,-0.06829815880272837,-0.28219417714174905,1,1
3,rankle,-0.019142184870195332,-0.06747769355801184,-0.2829059838141126,1,1
4,rankle,-0.018868621033939152,-0.0687086722527693,-0.2835136694932675,1,1
5,rankle,-0.018809013107709632,-0.06868840022300829,-0.2844096536570877,1,1
6,rankle,-0.02025475575710379,-0.0698963942506634,-0.28481390488735225,1,1
7,rankle,-0.02063363746396166,-0.07034442568369945,-0.2849065274453132,1,1
8,rankle,-0.021263850859387125,-0.07194034773526756,-0.2847919558525948,1,1
9,rankle,-0.021264845281392362,-0.07275082414921173,-0.2846555726333709,1,1
10,rankle,-0.021092847147442136,-0.07324133271315958,-0.28484086766591193,1,1
11,rankle,-0.020507188781370506,-0.07379661988835409,-0.28492776185509194,1,1
12,rankle,-0.01973361249271229,-0.07398334762165283,-0.2852567436741766,1,1
13,rankle,-0.019179741524791634,-0.07451851173300121,-0.2855857710038803,1,1
14,rankle,-0.01808539787522224,-0.07490132991349664,-0.28577895869191317,1,1
15,rankle,-0.018008329551215552,-0.07562608563123181,-0.2858563441366814,1,1
16,rankle,-0.01719299090115525,-0.07522125742285085,-0.28613086624701095,1,1
17,rankle,-0.016895024500742095,-0.07570010527669974,-0.2861442217517095,1,1
18,rankle,-0.01626910688081415,-0.07573130231809119,-0.28623001547556715,1,1
19,rankle,-0.01552840315458155,-0.07569566067801764,-0.2862818029654328,1,1
20,rankle,-0.01530205488925292,-0.07566716076733833,-0.2862502440950212,1,1
21,rankle,-0.014223290151573007,-0.07523331006943762,-0.2863213538038838,1,1
22,rankle,-0.013644888483278892,-0.07472021037819009,-0.2864167454682094,1,1
23,rankle,-0.01366860250150596,-0.074496971112625,-0.28646770475712313,1,1
24,rankle,-0.013495511151561274,-0.07454272217388927,-0.2865322920697648,1,1
25,rankle,-0.013981505857773097,-0.07463853137811016,-0.28662319821242466,1,1
26,rankle,-0.013877987867739932,-0.0740631975800825,-0.28679901743752806,1,1
27,rankle,-0.013707331218547966,-0.07334933044668249,-0.2870282248388659,1,1
28,rankle,-0.013308632587818692,-0.07287910157473994,-0.28720606652909897,1,1
29,rankle,-0.012698786782123932,-0.07246668109631214,-0.28741254415116035,1,1
30,rankle,-0.012961424083535003,-0.07199020073560201,-0.28754522158243667,1,1
31,rankle,-0.01251682123801832,-0.07158865798351866,-0.28774499294668504,1,1
32,rankle,-0.012871734573019291,-0.07077476519211369,-0.2878582911861835,1,1
33,rankle,-0.012763311124405938,-0.07003893905638711,-0.28799946627552003,1,1
34,rankle,-0.012647657245396477,-0.06998229125666407,-0.28800553831033837,1,1
35,rankle,-0.012241414774228663,-0.06926068535657122,-0.28809913739005233,1,1
36,rankle,-0.011805712757552617,-0.06863278599376504,-0.28814239558469923,1,1
37,rankle,-0.011697049211405831,-0.06846821112351406,-0.28817895500553825,1,1
38,rankle,-0.011513120729928062,-0.06765643443870537,-0.28826771818901986,1,1
39,rankle,-0.011521811391016629,-0.06760380302790558,-0.28827503629814927,1,1
40,rankle,-0.011674890276476143,-0.06701969481832988,-0.2883207218468561,1,1
41,rankle,-0.01253636704658024,-0.06646580532632004,-0.28829977550544766,1,1
42,rankle,-0.012781648661223872,-0.06519604818768723,-0.28832597527740783,1,1
43,rankle,-0.012975632940345103,-0.06387261660298406,-0.28829279258067586,1,1
44,rankle,-0.013177160897350932,-0.061392138527604806,-0.288304542142626,1,1
45,rankle,-0.013861906010070656,-0.05885583516607231,-0.28815109858344434,1,1
46,rankle,-0.01340245441382626,-0.05658255489021964,-0.2880643116998821,1,1
47,rankle,-0.01248093150313944,-0.05510515164990074,-0.28789468994636924,1,1
48,rankle,-0.01219893375543273,-0.05469511187981631,-0.2876415474045969,1,1
49,rankle,-0.012885794333188993,-0.054154613412698366,-0.2873032648195948,1,1
50,rankle,-0.014887916846257645,-0.05248872512292581,-0.2869968342466973,1,1
51,rankle,-0.01826429057883748,-0.05161961688898235,-0.2866306763663315,1,1
52,rankle,-0.02033727766831206,-0.05145515259299294,-0.2860082735486281,1,1
53,rankle,-0.023858402467642845,-0.05332037450920227,-0.28548611114592837,1,1
54,rankle,-0.027613396090058993,-0.05382089232609078,-0.28133468927256744,1,1
55,rankle,-0.023764107999648343,-0.05789022579731458,-0.2675813406058211,1,1
56,rankle,-0.01628284640015322,-0.060127466612630076,-0.23736436323010887,1,0
57,rankle,0.0002852044370846296,-0.0610369715959216,-0.19526270590787773,1,0
58,rankle,0.018183645767371998,-0.06335114128747771,-0.15653721810368287,1,0
59,rankle,0.033165402616014805,-0.06716107699088986,-0.13417930628914942,1,0
60,rankle,0.0671477465823522,-0.07814241371010523,-0.12895052776818933,1,0
61,rankle,0.11754319114416628,-0.09525283233829339,-0.10609140619791281,1,0
62,rankle,0.15358645356295458,-0.10957604965592826,-0.06707137549409087,1,0
63,rankle,0.17024768897017073,-0.12037123663632235,-0.03734563762585115,1,0
64,rankle,0.17469026234555288,-0.12790610291623294,-0.021809221676991147,1,0
65,rankle,0.17566454199137754,-0.13554088655959118,-0.029435802428589702,1,0
66,rankle,0.1751255303410757,-0.1443692504565459,-0.05561090244678481,1,0
67,rankle,0.16866955768937117,-0.14442878107648766,-0.090412638024011,1,0
68,rankle,0.14920604103047863,-0.13800239474995402,-0.13392386642649132,1,0
69,rankle,0.10998406520776335,-0.12249436906911287,-0.17336763653709208,1,0
70,rankle,0.06937727359389675,-0.10389982209083141,-0.19440182112947105,1,0
71,rankle,0.03226301446152556,-0.0918849110852286,-0.20481869053757698,1,0
72,rankle,0.006615659315812761,-0.0845541032822227,-0.21516263813333542,1,0
73,rankle,-0.00890714212009383,-0.08267515449635986,-0.2293426414870379,1,0
74,rankle,-0.020726496167283268,-0.08135465470204546,-0.24696281424860672,1,0
75,rankle,-0.024812496590775095,-0.08187901693957635,-0.26206152762577223,1,0
76,rankle,-0.027761703029550368,-0.0780983823453277,-0.2729483064992262,1,1
77,rankle,-0.027914074177905167,-0.07687011347601737,-0.27851487692786403,1,1
78,rankle,-0.027179051466345503,-0.07447331517300693,-0.28256925079181294,1,1
79,rankle,-0.026732339446887476,-0.07187942717059982,-0.2844696032800051,1,1
80,rankle,-0.025493734349134732,-0.06928785114535993,-0.28580233061513116,1,1
81,rankle,-0.023745185877802208,-0.06712961027120624,-0.2866783305320526,1,1
82,rankle,-0.023847801192977042,-0.0641977730301782,-0.28713011702226704,1,1
83,rankle,-0.02240198199484296,-0.062342611911232144,-0.2875462375977379,1,1
84,rankle,-0.021400569038842895,-0.059820219756697136,-0.28790698737428927,1,1
85,rankle,-0.02042028833891032,-0.057855739516941014,-0.2881084643942554,1,1
86,rankle,-0.020496180519879163,-0.05583448022283484,-0.28823093477877837,1,1
87,rankle,-0.020625146285976864,-0.05443978253027445,-0.2882774742359385,1,1
88,rankle,-0.02020241499877816,-0.05341288148322,-0.2883730068715923,1,1
89,rankle,-0.020240468173763685,-0.05292196908913021,-0.2883685379772635,1,1
90,rankle,-0.020454396793903394,-0.05218854517912864,-0.2883454198738583,1,1
91,rankle,-0.020324412564212375,-0.05131974736386223,-0.2882792833872472,1,1
92,rankle,-0.021669908109565744,-0.05115306870322094,-0.2881841524815497,1,1
0,rfoot,0.01150674296541761,-0.08537301578977315,-0.31268631317890716,1,1
1,rfoot,0.01091190579167604,-0.08524401593962996,-0.31246707293401993,1,1
2,rfoot,0.010296600447998,-0.08583937211747286,-0.31292403199371016,1,1
3,rfoot,0.009191094185334734,-0.08666632475138161,-0.31268839112607794,1,1
4,rfoot,0.008970766592027092,-0.08834304018554909,-0.3134708080338694,1,1
5,rfoot,0.008854181701513069,-0.08971578446537712,-0.3135741025202091,1,1
6,rfoot,0.008393303749056894,-0.09062202447774309,-0.31323405442229296,1,1
7,rfoot,0.008017641045851537,-0.09157705400007454,-0.31294667159346484,1,1
8,rfoot,0.007847504499565349,-0.09312851168343315,-0.31238831371682063,1,1
9,rfoot,0.007282181633493919,-0.09422377465416162,-0.3126189044350199,1,1
10,rfoot,0.007128117761956588,-0.09482384967888009,-0.31304973122746743,1,1
11,rfoot,0.00760160237457954,-0.09553911431597044,-0.3131257675468507,1,1
12,rfoot,0.008291143614614482,-0.09584592793319086,-0.3134455411101599,1,1
13,rfoot,0.008955944857937364,-0.09605340549515229,-0.3139159940115502,1,1
14,rfoot,0.010545995013896449,-0.09649128769139836,-0.31356538067133216,1,1
15,rfoot,0.011830069371010898,-0.09687375602074949,-0.31261782682929834,1,1
16,rfoot,0.013409725841592519,-0.09706619839661701,-0.31151269751202604,1,1
17,rfoot,0.01477938981317145,-0.09722288515594664,-0.3104644361415766,1,1
18,rfoot,0.015753100220253613,-0.0973512339337417,-0.31000237750548354,1,1
19,rfoot,0.016449961317299942,-0.09706082971487648,-0.31034176692682336,1,1
20,rfoot,0.016545904836531077,-0.09688336313984172,-0.310613122818345,1,1
21,rfoot,0.017026757194841768,-0.09653586396982825,-0.3113734252204305,1,1
22,rfoot,0.017121556211601593,-0.09619573809167173,-0.3119157118637981,1,1
23,rfoot,0.016762915392781602,-0.09586873860556906,-0.3124511437374762,1,1
24,rfoot,0.016788704734465282,-0.09596292514235247,-0.31264755727212734,1,1
25,rfoot,0.016439051379217896,-0.09588376495177875,-0.312722952530365,1,1
26,rfoot,0.01624104599908345,-0.09589042901973543,-0.31276790822614003,1,1
27,rfoot,0.016092118762287937,-0.095832285966816,-0.3128057077537506,1,1
28,rfoot,0.016686113642651844,-0.095946993179145,-0.3122291192795414,1,1
29,rfoot,0.017619303852619735,-0.09587861499763453,-0.31171616212032677,1,1
30,rfoot,0.018100998470547858,-0.09549835376479318,-0.3107930715358953,1,1
31,rfoot,0.019197594962405758,-0.09499458508363277,-0.3102022340427813,1,1
32,rfoot,0.018965374804004512,-0.09384999732821234,-0.31048348454995334,1,1
33,rfoot,0.018433376974547687,-0.09298047724639441,-0.31163038267765225,1,1
34,rfoot,0.017956834461982117,-0.09249549137186296,-0.31279446119231635,1,1
35,rfoot,0.01756564649561739,-0.09156661573191396,-0.3140211645997885,1,1
36,rfoot,0.01703451424702904,-0.09067718485740195,-0.3153499860545304,1,1
37,rfoot,0.017151260400477777,-0.09038969619347847,-0.3154771764730657,1,1
38,rfoot,0.017075823428782236,-0.09009349157965646,-0.31541949253944324,1,1
39,rfoot,0.017158728965083286,-0.08995413760316526,-0.3154017405266683,1,1
40,rfoot,0.01701143626375929,-0.08975398332457857,-0.31512025095647506,1,1
41,rfoot,0.016692677492639862,-0.08912358984856551,-0.3145725061434912,1,1
42,rfoot,0.01649935119863074,-0.08829274034813597,-0.31415498230683025,1,1
43,rfoot,0.016605987765288564,-0.0871184459046172,-0.3136409321088638,1,1
44,rfoot,0.01652874744463558,-0.0851556959307084,-0.3130193226460842,1,1
45,rfoot,0.01642703308692267,-0.08276951245913897,-0.3119981996607819,1,1
46,rfoot,0.016941318053796187,-0.08080807441562972,-0.31152381615751795,1,1
47,rfoot,0.01763391063930154,-0.07925332483521161,-0.3117260344520899,1,1
48,rfoot,0.017426810364752535,-0.07816479731395748,-0.31273050699851357,1,1
49,rfoot,0.016161261177103287,-0.07618133282636835,-0.31430443041267797,1,1
50,rfoot,0.014428782867188714,-0.07323852294752127,-0.3147086625854022,1,1
51,rfoot,0.01241885111497934,-0.0710549681660369,-0.31381123623072543,1,1
52,rfoot,0.01009069029671385,-0.07144220700072267,-0.31307529584494176,1,1
53,rfoot,0.006662375088672852,-0.07199054555354199,-0.3133765415400918,1,1
54,rfoot,-1.4096366969529317e-07,-0.07199848561525447,-0.3123999572854864,1,1
55,rfoot,-0.007365310055937328,-0.07067335059169232,-0.3079005346352691,1,1
56,rfoot,-0.011677635483158994,-0.06851342238962438,-0.2817088561447092,1,0
57,rfoot,-0.0017146291591740382,-0.06941199679976562,-0.2398028861660144,1,0
58,rfoot,0.023521395618361626,-0.07596172347486116,-0.19978594613008926,1,0
59,rfoot,0.06374423254661214,-0.08583565034863598,-0.1620031704956325,1,0
60,rfoot,0.1075774898213495,-0.09856309097434081,-0.1264209925802387,1,0
61,rfoot,0.14924036912876895,-0.11735348855548358,-0.0823255724277403,1,0
62,rfoot,0.18742365726550486,-0.1322532585086252,-0.04710252199486367,1,0
63,rfoot,0.20301498009423483,-0.14126333247284673,-0.013940653162320633,1,0
64,rfoot,0.20717572518721739,-0.1464145716742898,0.0038832008212843702,1,0
65,rfoot,0.20915188712872868,-0.15480653316745102,-0.0056576943267328435,1,0
66,rfoot,0.21180873439439918,-0.16517666944932624,-0.038896792565858804,1,0
67,rfoot,0.208158690010616,-0.16604680736287344,-0.08482360532715001,1,0
68,rfoot,0.18848117479114818,-0.16032073984966377,-0.13808606823333872,1,0
69,rfoot,0.1470038105775304,-0.1452914532167075,-0.18632142869334564,1,0
70,rfoot,0.09823551097405447,-0.12716236814975035,-0.22055568429151745,1,0
71,rfoot,0.05114414556766574,-0.11304888737978092,-0.24022431115060766,1,0
72,rfoot,0.017463741736981345,-0.10391756347770442,-0.25472707107273207,1,0
73,rfoot,-0.0004572876163898079,-0.10183610827514727,-0.2695847198215082,1,0
74,rfoot,-0.008613295170432713,-0.10222687494592408,-0.28537618763893724,1,0
75,rfoot,-0.008657931774655944,-0.10427240192817011,-0.2980550877236786,1,0
76,rfoot,-0.008088717080989166,-0.10167999083169851,-0.3063377101913337,1,1
77,rfoot,-0.0068400093685505,-0.10161685086386697,-0.3101605984872581,1,1
78,rfoot,-0.003936060102511928,-0.10007924575071254,-0.311930259438713,1,1
79,rfoot,-0.0017850912240471375,-0.09690907587011527,-0.3129146399249602,1,1
80,rfoot,0.0008028078906935111,-0.09351023189150759,-0.31372612683453704,1,1
81,rfoot,0.0033316588922735445,-0.09019960776585126,-0.3148312225394445,1,1
82,rfoot,0.004268300410520301,-0.08727940306138683,-0.314235361226436,1,1
83,rfoot,0.005861722458378245,-0.08530581068656477,-0.31459845598706704,1,1
84,rfoot,0.006747050721912555,-0.08343634478690581,-0.31451442670286517,1,1
85,rfoot,0.007389697048086539,-0.08190307064390395,-0.3146847766594749,1,1
86,rfoot,0.007125267522348468,-0.0804049445695508,-0.314523861907028,1,1
87,rfoot,0.006685793254392648,-0.07942648109694342,-0.31450236356035205,1,1
88,rfoot,0.00626835456023633,-0.07919969800448966,-0.3146847265632214,1,1
89,rfoot,0.005903336855374693,-0.07901625561348317,-0.3147039890462872,1,1
90,rfoot,0.005300480392060158,-0.07884544535120955,-0.31450000004139117,1,1
91,rfoot,0.005131839357675708,-0.07861110212500008,-0.31406942169966917,1,1
92,rfoot,0.004354502971015511,-0.0781062174918208,-0.3137620095367469,1,1
